Date,ticker,Open,High,Low,Close,Volume,daily_variation_pct
2026-03-04 00:00:00-03:00,PETR4.SA,38.50378481228046,38.71064030977231,37.54471576704362,38.080665588378906,50915600,
2026-03-05 00:00:00-03:00,PETR4.SA,38.10887349398616,38.33453828250097,37.59172935438071,38.259315490722656,53107600,0.4691354512413426
2026-03-06 00:00:00-03:00,PETR4.SA,39.3970392806692,40.54415822998573,38.945709676390166,39.64150619506836,87228000,3.6126906261061187
2026-03-09 00:00:00-03:00,PETR4.SA,40.666391885018164,41.62546097954569,40.12103739355694,40.58176803588867,107124400,2.3719125004823427
2026-03-10 00:00:00-03:00,PETR4.SA,39.78254671529805,40.525352093426974,39.519270517840674,40.365509033203125,56706200,-0.5328969464669431
2026-03-11 00:00:00-03:00,PETR4.SA,40.66639454307547,42.199024983343875,40.647588843504145,42.123802185058594,73234300,4.355929589316365
2026-03-12 00:00:00-03:00,PETR4.SA,42.67855364058632,43.33673871463979,41.55964152546949,42.311851501464844,86124400,0.4464205666433241
2026-03-13 00:00:00-03:00,PETR4.SA,41.94515432746132,42.63154623598269,41.64427030144703,42.00156784057617,42520400,-0.7333256519817644
2026-03-16 00:00:00-03:00,PETR4.SA,42.199025626325316,43.24271865410335,42.12380282689388,43.1204833984375,40474100,2.663985216238496
2026-03-17 00:00:00-03:00,PETR4.SA,43.11107492674171,44.4368461610153,43.06406247468212,43.60941696166992,51025600,1.1338777413848256
2026-03-18 00:00:00-03:00,PETR4.SA,43.91030070028717,44.3334199399706,43.76925975811932,44.192378997802734,55074700,1.3367801652684363
2026-03-19 00:00:00-03:00,PETR4.SA,44.38043189069904,45.25487711389892,43.9008955621984,43.98551940917969,84865000,-0.4680888273367989
2026-03-20 00:00:00-03:00,PETR4.SA,43.99492731911712,44.42744764167003,42.236632099782675,42.941829681396484,78125700,-2.3728030083586704
2026-03-23 00:00:00-03:00,PETR4.SA,41.76649838506821,43.421363972883064,41.67247348006927,43.28032302856445,65252400,0.7882601875127238
2026-03-24 00:00:00-03:00,PETR4.SA,43.62822276980432,45.08563030824563,43.60001242904132,44.446250915527344,57455300,2.693898301529307
2026-03-25 00:00:00-03:00,PETR4.SA,43.722250285901524,44.70952618789651,43.53419687913571,44.662513732910156,40532900,0.486571562118554
2026-03-26 00:00:00-03:00,PETR4.SA,44.75653859834261,45.574570378936734,44.681319387803384,45.151451110839844,59986800,1.0947377052120677
2026-03-27 00:00:00-03:00,PETR4.SA,45.602776406317375,46.48662274025666,45.25487994113558,46.45841598510742,54170900,2.8946242969227765
2026-03-30 00:00:00-03:00,PETR4.SA,46.778107473089754,47.66195384062241,46.53364054992387,46.702884674072266,51454300,0.5262096948015049
2026-03-31 00:00:00-03:00,PETR4.SA,47.07899316826571,47.530319217945134,44.80355721944606,45.76262283325195,78931700,-2.013284291499684
2026-04-01 00:00:00-03:00,PETR4.SA,44.85056421266725,45.19846066104654,43.976118977071074,44.54027557373047,66488400,-2.671060319194174
2026-04-02 00:00:00-03:00,PETR4.SA,46.3549862445319,46.50542824941413,45.085632052514406,45.273685455322266,38536900,1.6466217870110267
2026-04-06 00:00:00-03:00,PETR4.SA,45.1232435479473,46.072908033289664,45.01981399683845,46.0164909362793,27848100,1.6407002732085063
2026-04-07 00:00:00-03:00,PETR4.SA,46.15753333019993,46.59945830356328,45.508752834964326,45.612178802490234,33362800,-0.8786244356374984
2026-04-08 00:00:00-03:00,PETR4.SA,42.02977308281675,43.853882717489455,41.86992644581065,43.82567596435547,87580500,-3.916723307322534
2026-04-09 00:00:00-03:00,PETR4.SA,44.70012458444639,45.64978907609915,44.220588223722636,45.03861999511719,58206500,2.767656183439682
2026-04-10 00:00:00-03:00,PETR4.SA,44.69072099395646,46.10111618041992,44.69072099395646,46.10111618041992,42860900,2.3590780210803963
2026-04-13 00:00:00-03:00,PETR4.SA,46.778101993420755,47.2388326163809,46.30797031509492,46.80630874633789,60941100,1.5296648418622771
2026-04-14 00:00:00-03:00,PETR4.SA,46.646468823189835,46.68408022081308,44.82235549348577,45.019813537597656,58646800,-3.8167829435599487
2026-04-15 00:00:00-03:00,PETR4.SA,45.08563552644051,45.226672899298336,43.938512909063064,44.08895492553711,61852100,-2.06766429914943
2026-04-16 00:00:00-03:00,PETR4.SA,44.46505694505104,45.772022494168006,43.96671490515405,45.67799758911133,54484300,3.604174030112506
2026-04-17 00:00:00-03:00,PETR4.SA,43.722249357394375,43.76926181138234,42.18961896700828,43.45897674560547,105186900,-4.8579643605805245
2026-04-20 00:00:00-03:00,PETR4.SA,44.41804838344889,44.64370961008044,43.73165288649156,44.21118927001953,41904500,1.7308565013328892
2026-04-22 00:00:00-03:00,PETR4.SA,44.79415042186719,45.11384014003686,44.427448248312075,44.822357177734375,51063000,1.3823828714087272
2026-04-23 00:00:00-03:00,PETR4.SA,45.159049410350924,45.84559016799903,44.72042776515026,45.54999542236328,38666800,1.623382370863724
2026-04-24 00:00:00-03:00,PETR4.SA,45.29254505747162,45.31161603924912,44.29134215736897,44.968345642089844,34880200,-1.276948054286453
2026-04-27 00:00:00-03:00,PETR4.SA,45.025556017219735,45.93140395672619,44.97787674678875,45.168582916259766,31543600,0.44528494724631607
2026-04-28 00:00:00-03:00,PETR4.SA,45.435578375342565,45.80745344915728,45.25440585610704,45.31161880493164,29389700,0.31667118921365756
2026-04-29 00:00:00-03:00,PETR4.SA,45.86465838170839,47.00889178702999,45.7693071135223,46.6846923828125,47685000,3.030290274536429
2026-04-30 00:00:00-03:00,PETR4.SA,46.541669047952006,47.08517932059173,46.045834413059666,46.79912185668945,36666100,0.24511133743505553
2026-05-04 00:00:00-03:00,PETR4.SA,46.98982227213765,47.53333252007651,46.646551876088296,47.047035217285156,41319600,0.5297393428767228
2026-05-05 00:00:00-03:00,PETR4.SA,46.60841302334343,46.75143992846906,46.08397376304719,46.39863586425781,28066500,-1.3781938649964465
2026-05-06 00:00:00-03:00,PETR4.SA,44.53925797662097,45.283011721799,44.42483572252354,45.07323455810547,62009100,-2.856552313369498
2026-05-07 00:00:00-03:00,PETR4.SA,44.24366813329859,44.48204995807408,43.09943464689263,44.0720329284668,71214500,-2.2212775263510065
2026-05-08 00:00:00-03:00,PETR4.SA,44.23412914161422,44.386693358173474,43.54758834838867,43.54758834838867,32914200,-1.1899713837329684
2026-05-11 00:00:00-03:00,PETR4.SA,44.06249304511228,44.34855049065248,43.52852011674864,44.27227020263672,50622200,1.6641147804798306
2026-05-12 00:00:00-03:00,PETR4.SA,44.1006391956133,44.1006391956133,43.29014241671522,43.55712890625,81072700,-1.6153255595736882
2026-05-13 00:00:00-03:00,PETR4.SA,43.64294409725409,43.70015704359685,42.29847077625141,42.49871063232422,57251900,-2.4299541785774315
2026-05-14 00:00:00-03:00,PETR4.SA,42.39382015668283,43.26152979834296,42.31753986904934,42.90872573852539,47760000,0.964770695629813
2026-05-15 00:00:00-03:00,PETR4.SA,43.28060388685492,43.42363443788572,42.8896578364445,43.35688781738281,59380500,1.0444544114136756
2026-05-18 00:00:00-03:00,PETR4.SA,43.004080205513716,44.300877928481846,42.40336061944132,44.28180694580078,57388200,2.1332691873865217
2026-05-19 00:00:00-03:00,PETR4.SA,43.85272306375169,44.14831420511526,43.47131068064106,43.94807434082031,40943000,-0.7536562484655285
2026-05-20 00:00:00-03:00,PETR4.SA,43.642941988996704,44.25319883750154,42.470103926260634,42.527313232421875,52780200,-3.2328176597234637
2026-05-21 00:00:00-03:00,PETR4.SA,43.004076553935796,43.528519439588294,42.431961671755616,42.86104965209961,57725900,0.7847578281134027
2026-05-22 00:00:00-03:00,PETR4.SA,42.6608143453951,42.6703480182313,41.83124294933985,42.41289520263672,39634300,-1.0455984001804253
2026-05-25 00:00:00-03:00,PETR4.SA,41.4689009399235,41.78356303517637,40.97306634255687,41.38308334350586,26720900,-2.428063102532174
2026-05-26 00:00:00-03:00,PETR4.SA,41.344942397752945,41.76449308087795,41.154236219089654,41.42122268676758,36040500,0.09216167617365212
2026-05-27 00:00:00-03:00,PETR4.SA,40.286525927024,41.182840223977344,40.191174657903474,40.83003616333008,53745400,-1.4272551245242737
2026-05-28 00:00:00-03:00,PETR4.SA,41.09702413993854,41.17330806797784,40.28652741031939,40.53444290161133,37534800,-0.7239603230727143
2026-05-29 00:00:00-03:00,PETR4.SA,40.23885147545488,40.38187838334055,39.87651009479235,40.04814529418945,73281800,-1.1997145454848313
2026-06-01 00:00:00-03:00,PETR4.SA,40.42955586104157,41.0207417230308,40.010001553408564,40.40094757080078,73925300,0.8809453571936521
2026-06-02 00:00:00-03:00,PETR4.SA,40.624894622953754,40.702458128113975,40.17889059850309,40.304935455322266,27318300,-0.237648177212324
2026-06-03 00:00:00-03:00,PETR4.SA,40.382503310497846,40.5958057270851,39.99467468261719,39.99467468261719,42895100,-0.7697835741456549
2026-06-05 00:00:00-03:00,PETR4.SA,39.781368793760656,40.16919742384789,39.4129356636465,39.6456298828125,34730900,-0.8727281883765148
2026-06-08 00:00:00-03:00,PETR4.SA,39.94619962814738,40.06254674463931,39.58746052810918,39.96559143066406,34043600,0.8070537630435748
2026-06-09 00:00:00-03:00,PETR4.SA,39.63593476272432,40.11102093823305,39.46141225375153,39.91710662841797,56680400,-0.12131636367801457
2026-06-10 00:00:00-03:00,PETR4.SA,39.955891277028634,40.760634389334385,39.7619769621326,40.382503509521484,44953200,1.1659083546205373
2026-06-11 00:00:00-03:00,PETR4.SA,40.38250545103105,40.8672894122746,39.90741554162481,40.48915481567383,52321500,0.2641027595706058
2026-06-12 00:00:00-03:00,PETR4.SA,39.81046028830243,40.266154697498735,39.57776235917027,39.92680740356445,34082200,-1.388884047270067
2026-06-15 00:00:00-03:00,PETR4.SA,38.62758439283498,38.705147899769486,37.87132263183594,37.87132263183594,54174000,-5.148132058124466
2026-06-16 00:00:00-03:00,PETR4.SA,37.27988809034813,37.599843587766465,37.03749610497344,37.367149353027344,36250100,-1.3312798280374016
2026-06-17 00:00:00-03:00,PETR4.SA,37.5319715155657,37.67740817611155,37.10536298249669,37.39623260498047,66882000,0.0778310694197204
2026-06-18 00:00:00-03:00,PETR4.SA,37.13444777482446,37.90040726109324,36.271532983365525,37.66770935058594,53332600,0.7259467777759765
2026-06-19 00:00:00-03:00,PETR4.SA,37.677407580755045,37.91979954542937,37.44470966728023,37.619232177734375,44775800,-0.12869689632668546
2026-06-22 00:00:00-03:00,PETR4.SA,37.57075718384368,38.01675754274723,37.308973399632954,37.97797393798828,35488200,0.9536126589692495
2026-06-23 00:00:00-03:00,PETR4.SA,37.77436345557575,38.365800450057776,37.65801634639159,38.13310623168945,27398600,0.40847964653005775
2026-06-24 00:00:00-03:00,PETR4.SA,37.71619287143806,37.793756380330514,36.96962514298207,37.124755859375,59191400,-2.6442911998511454
2026-06-25 00:00:00-03:00,PETR4.SA,36.95992895651129,37.49319058551124,36.766014628163624,37.27988815307617,25152300,0.4178675121495612
2026-06-26 00:00:00-03:00,PETR4.SA,36.9114503384125,37.08597285952243,36.77571142168435,36.901756286621094,23383000,-1.0143052599901003
2026-06-29 00:00:00-03:00,PETR4.SA,37.03749593384312,37.20232070780441,36.76601439642428,36.97932052612305,14924800,0.2101911868353845
2026-06-30 00:00:00-03:00,PETR4.SA,37.00840491944181,37.01810266964966,36.591494125704465,36.64966583251953,31974300,-0.8914568707952375
2026-07-01 00:00:00-03:00,PETR4.SA,36.35879752035614,36.68845076581837,36.261842206411785,36.67875671386719,21094300,0.07937557051842514
2026-07-02 00:00:00-03:00,PETR4.SA,36.73692866628818,37.289582096372,36.504234431836124,36.8047981262207,21888800,0.3436359998152838
2026-07-03 00:00:00-03:00,PETR4.SA,36.911449315999576,37.08597183227539,36.707840946547115,37.08597183227539,10369500,0.7639593758683727
2026-07-06 00:00:00-03:00,PETR4.SA,36.795101277748415,36.86297073252281,36.46544805515511,36.62057876586914,20811400,-1.2549032515880465
2026-07-07 00:00:00-03:00,PETR4.SA,36.843578849070866,37.59014654852972,36.766011644583145,37.27018737792969,39823600,1.7738895286548262
2026-07-08 00:00:00-03:00,PETR4.SA,38.44336700439453,38.54032231063853,37.813146417984974,38.44336700439453,40215300,3.1477695954905904
2026-07-09 00:00:00-03:00,PETR4.SA,38.53063148733245,38.76332572125498,37.70649652078574,38.01675796508789,33386500,-1.1097077923946541
2026-07-10 00:00:00-03:00,PETR4.SA,38.43366925460542,38.75362842270475,38.14279963726557,38.44336700439453,27316800,1.122160494849167
2026-07-13 00:00:00-03:00,PETR4.SA,39.277193646928716,39.67471633439466,39.01541357106772,39.422630310058594,43045700,2.5472880810677223
2026-07-14 00:00:00-03:00,PETR4.SA,39.946197858996555,40.052850918810734,38.88936870959569,39.422630310058594,32649500,0.0
2026-07-15 00:00:00-03:00,PETR4.SA,39.18023670725649,39.558367577333435,39.00571419820438,39.354759216308594,25608800,-0.1721627735546627
2026-07-16 00:00:00-03:00,PETR4.SA,39.15115344333552,39.61654559870285,38.676063537597656,38.676063537597656,20551700,-1.7245580769039148
2026-07-17 00:00:00-03:00,PETR4.SA,39.180236965794286,39.85893520563011,39.180236965794286,39.65532684326172,32168300,2.5319621908059586
2026-07-20 00:00:00-03:00,PETR4.SA,39.946197991916,40.1788922153685,39.23841387278532,39.89772033691406,26987600,0.6112507775068998
2026-07-21 00:00:00-03:00,PETR4.SA,39.95589038119162,40.43098025710468,39.87832687613699,40.39219665527344,38631400,1.2393598285410645
2026-07-22 00:00:00-03:00,PETR4.SA,40.81880673321085,41.43933329030518,40.692765570373794,41.284202575683594,38292200,2.208361996310737
2026-07-23 00:00:00-03:00,PETR4.SA,42.079246799999844,42.16650805575176,41.555679265488315,41.642940521240234,25257900,0.868947256275554
2026-07-24 00:00:00-03:00,PETR4.SA,41.08059153392685,41.60415909583282,40.86728910762329,40.92546081542969,29151600,-1.7229323790057371
2026-07-27 00:00:00-03:00,PETR4.SA,39.94619841843962,40.21767624823556,39.57776157899654,39.76197814941406,32902600,-2.8429311309720706
2026-07-28 00:00:00-03:00,PETR4.SA,39.77167409346618,40.49884998905919,39.645629235953194,39.95589065551758,29946800,0.487683246982451
2026-07-29 00:00:00-03:00,PETR4.SA,40.87698206321407,41.109679984023735,40.47945937656221,40.72185134887695,31465400,1.917015691035795
2026-07-30 00:00:00-03:00,PETR4.SA,40.721852026611344,41.53628921508789,40.547329507751506,41.53628921508789,25268900,2.000002060892059
2026-07-31 00:00:00-03:00,PETR4.SA,41.69141988274418,42.22468149036,41.555680967926484,42.098636627197266,24997300,1.3538701283529742
2026-08-03 00:00:00-03:00,PETR4.SA,41.10968174577913,41.77868228653897,41.061200390352134,41.739898681640625,24400900,-0.852136730064279
2026-08-04 00:00:00-03:00,PETR4.SA,41.778679713374004,41.778679713374004,40.498850419418886,41.206634521484375,27216700,-1.2775885351892557
2026-08-05 00:00:00-03:00,PETR4.SA,41.235719485808865,41.68172350784668,40.479457746200815,40.65398025512695,32365700,-1.3411778777256855
2026-08-06 00:00:00-03:00,PETR4.SA,40.74124351537678,41.177549809172504,40.64428450641772,40.847896575927734,46662600,0.4769922147446426
2026-08-07 00:00:00-03:00,PETR4.SA,41.59446516538173,41.65263687335778,39.58745987082999,39.62623977661133,97926700,-2.990745917713533
2026-08-10 00:00:00-03:00,PETR4.SA,40.062544303234375,41.177548839042295,39.81045828309592,40.94485092163086,74915200,3.3276211733766825
2026-08-11 00:00:00-03:00,PETR4.SA,41.109678494719965,41.20663380069022,39.76197607064327,40.39219665527344,53988900,-1.34975278677949
2026-08-12 00:00:00-03:00,PETR4.SA,40.23706865967186,40.69276676539623,39.897721367286536,40.18859100341797,63890300,-0.5040717482961865
2026-08-13 00:00:00-03:00,PETR4.SA,39.89772106897817,40.68306871080032,39.820153860665435,40.62489700317383,37063800,1.0856464206937533
2026-08-14 00:00:00-03:00,PETR4.SA,40.363112208069076,41.16785163173362,40.363112208069076,40.809112548828125,34127900,0.45345480048823994
2026-08-17 00:00:00-03:00,PETR4.SA,41.06120045465401,41.45872315896423,40.45037532028514,41.17755126953125,47636500,0.902834434986266
2026-08-18 00:00:00-03:00,PETR4.SA,41.49750700921827,41.88533566388527,41.129070157145435,41.303592681884766,36838100,0.3060925394239744
2026-08-19 00:00:00-03:00,PETR4.SA,41.53628903776921,42.63190180179921,41.53628903776921,41.798072814941406,49580800,1.197184314848987
2026-08-20 00:00:00-03:00,PETR4.SA,42.418595224811504,43.27181600437223,42.14711739892727,42.971248626708984,44893400,2.8067701038795523
2026-08-21 00:00:00-03:00,PETR4.SA,42.99064212533876,43.262119961939106,42.81611960220764,42.95185852050781,52792400,-0.04512344141920366
2026-08-24 00:00:00-03:00,PETR4.SA,42.599998474121094,42.63999938964844,41.619998931884766,42.11000061035156,49502500,-1.9600034530619759
2026-08-25 00:00:00-03:00,PETR4.SA,41.18000030517578,41.90999984741211,41.0099983215332,41.349998474121094,85920800,-1.8048020071594228
2026-08-26 00:00:00-03:00,PETR4.SA,41.13999938964844,42.27000045776367,40.970001220703125,41.45000076293945,74631000,0.2418435127172769
2026-08-27 00:00:00-03:00,PETR4.SA,41.45000076293945,42.88999938964844,41.0,42.70000076293945,43197800,3.0156814885215377
2026-08-28 00:00:00-03:00,PETR4.SA,42.720001220703125,43.599998474121094,42.619998931884766,43.54999923706055,46135600,1.99062870944684
2026-08-31 00:00:00-03:00,PETR4.SA,44.619998931884766,45.34000015258789,44.33000183105469,45.02000045776367,68431400,3.375433401735095
2026-09-01 00:00:00-03:00,PETR4.SA,45.5,46.939998626708984,45.5,46.869998931884766,49726600,4.109281331209003
2026-09-02 00:00:00-03:00,PETR4.SA,46.81999969482422,48.25,46.560001373291016,48.20000076293945,54091600,2.837639985841589
2026-09-03 00:00:00-03:00,PETR4.SA,48.459999084472656,49.189998626708984,47.45000076293945,47.560001373291016,51488400,-1.3277995425687417
2026-09-04 00:00:00-03:00,PETR4.SA,47.31999969482422,47.45000076293945,46.720001220703125,47.11000061035156,28838000,-0.9461748316772933
2026-03-04 00:00:00-03:00,VALE3.SA,83.0593121429061,83.29275935713433,81.2987177727021,81.79479217529297,17605800,
2026-03-05 00:00:00-03:00,VALE3.SA,81.8337000859009,81.99906563883562,78.35142050225312,79.07122039794922,37872100,-3.3297618404689033
2026-03-06 00:00:00-03:00,VALE3.SA,78.69186217028782,78.9836693147015,76.26009886107715,76.7075424194336,29504600,-2.989302513126413
2026-03-09 00:00:00-03:00,VALE3.SA,75.59865918789595,77.91369519411445,74.46059573659228,77.09662628173828,30576600,0.5072302540696683
2026-03-10 00:00:00-03:00,VALE3.SA,77.97206879461525,78.7794086403539,77.49543780313256,78.36114501953125,17172800,1.64017389447364
2026-03-11 00:00:00-03:00,VALE3.SA,77.6121646480186,78.73077734068518,76.64918838128798,77.67052459716797,20865000,-0.8813301824407316
2026-03-12 00:00:00-03:00,VALE3.SA,77.59270398362864,77.59270398362864,75.54030248345678,77.0771713256836,29136500,-0.763936222346584
2026-03-13 00:00:00-03:00,VALE3.SA,77.13553954677829,78.29305390175858,75.89047042750848,76.16283416748047,14416400,-1.1862619534124597
2026-03-16 00:00:00-03:00,VALE3.SA,77.22307838293146,78.01096735431524,76.65890748979477,76.6880874633789,13591400,0.6896451551992033
2026-03-17 00:00:00-03:00,VALE3.SA,76.94099536149393,77.53434624691681,76.48382263785795,76.80481719970703,14222300,0.1522136490675452
2026-03-18 00:00:00-03:00,VALE3.SA,76.50328138212555,76.52273222486589,74.9469542225338,75.02476501464844,19412200,-2.3176309116524796
2026-03-19 00:00:00-03:00,VALE3.SA,72.14555216346383,74.6162245791354,72.0385539840375,74.53840637207031,27262900,-0.6482641331607808
2026-03-20 00:00:00-03:00,VALE3.SA,74.12987382279132,74.60649736630313,72.67081579799151,73.4878921508789,44208900,-1.409359647357633
2026-03-23 00:00:00-03:00,VALE3.SA,74.47032265083705,76.27955527885045,73.89643003006076,75.37493896484375,23384500,2.567833637261674
2026-03-24 00:00:00-03:00,VALE3.SA,74.87885938947896,76.26982830489568,74.47031751178076,75.9682846069336,15700300,0.7871922023931388
2026-03-25 00:00:00-03:00,VALE3.SA,77.03826269711638,78.05960630887125,76.84372459066454,77.37871551513672,18658300,1.8566049180928745
2026-03-26 00:00:00-03:00,VALE3.SA,75.9974709856559,77.4176199932311,75.88075108603401,76.75618743896484,13518900,-0.8045210779572765
2026-03-27 00:00:00-03:00,VALE3.SA,76.32819443376722,77.73861430470001,76.0363798433623,76.8437271118164,11101700,0.11404901125551259
2026-03-30 00:00:00-03:00,VALE3.SA,78.0596071639151,78.8474961511744,77.12581088464215,77.330078125,18776700,0.6329091930638686
2026-03-31 00:00:00-03:00,VALE3.SA,78.53623177077995,80.48164256713127,78.39032447682295,80.22874450683594,24956400,3.7484332773469964
2026-04-01 00:00:00-03:00,VALE3.SA,81.03607912591647,81.74615728614027,80.32600838684544,80.73454284667969,28514000,0.6304452885968592
2026-04-02 00:00:00-03:00,VALE3.SA,79.28521897918165,81.48352783294365,79.13931168541612,81.26953887939453,14019800,0.662660633046297
2026-04-06 00:00:00-03:00,VALE3.SA,81.74615703814659,81.92124429485193,80.54000450370579,80.82208251953125,8680700,-0.5505831164211661
2026-04-07 00:00:00-03:00,VALE3.SA,80.78318509046301,81.41543765299025,80.34546321507516,81.40571594238281,15312500,0.7221212379803887
2026-04-08 00:00:00-03:00,VALE3.SA,84.13901062285599,84.35300698176675,82.41732546270126,83.25384521484375,24942400,2.2702696623527086
2026-04-09 00:00:00-03:00,VALE3.SA,83.03012876823735,83.20521602702604,81.96015437392997,82.37841796875,17973100,-1.0515156913589174
2026-04-10 00:00:00-03:00,VALE3.SA,82.6799526351764,84.0320124434006,82.27141817970276,83.25384521484375,24002400,1.062690043921255
2026-04-13 00:00:00-03:00,VALE3.SA,82.78695311870217,84.97554016113281,82.60213672701688,84.97554016113281,24661900,2.0680065189134345
2026-04-14 00:00:00-03:00,VALE3.SA,85.1117177041174,86.12333215365325,84.80045229050275,85.88988494873047,18528400,1.0760093855994857
2026-04-15 00:00:00-03:00,VALE3.SA,85.74397657465491,86.64859283104832,85.49107111019204,86.02606201171875,24527300,0.15854842868816554
2026-04-16 00:00:00-03:00,VALE3.SA,86.46377980434855,86.95013248967896,84.72263630032731,85.05335998535156,13618900,-1.1307062111417854
2026-04-17 00:00:00-03:00,VALE3.SA,85.79261191364398,87.30030822753906,85.40353569690616,87.30030822753906,30119000,2.641810085544516
2026-04-20 00:00:00-03:00,VALE3.SA,86.37624032456529,86.9987711712774,85.62725302948309,86.30815124511719,16067700,-1.1364873762368832
2026-04-22 00:00:00-03:00,VALE3.SA,85.54943385854347,86.30815027679252,84.83936309814453,84.83936309814453,13222100,-1.7017953991405377
2026-04-23 00:00:00-03:00,VALE3.SA,84.27519256656497,84.79072522468991,83.37057627665514,83.62348175048828,12637500,-1.4331570903587387
2026-04-24 00:00:00-03:00,VALE3.SA,83.62348365448203,84.61563988802817,83.40948728107028,83.52621459960938,11436400,-0.11631559562316207
2026-04-27 00:00:00-03:00,VALE3.SA,83.79856548940747,83.94447277283449,82.5729546982343,83.16630554199219,8656600,-0.4308935336558073
2026-04-28 00:00:00-03:00,VALE3.SA,82.38814518879443,82.97177437122303,81.75589260975231,82.08660888671875,13687500,-1.2982380884146383
2026-04-29 00:00:00-03:00,VALE3.SA,80.54000373677871,80.6470019160327,77.08689687064219,77.27171325683594,43296200,-5.8656286271095315
2026-04-30 00:00:00-03:00,VALE3.SA,78.8183108574822,79.47002164051838,78.0206927922798,78.96421813964844,17593900,2.190329179303885
2026-05-04 00:00:00-03:00,VALE3.SA,78.9642223896163,79.13930965340869,76.50327898603369,76.51300811767578,18555600,-3.104203498396807
2026-05-05 00:00:00-03:00,VALE3.SA,77.25225919035084,77.25225919035084,75.84183936343848,76.25037384033203,16295600,-0.3432544136022231
2026-05-06 00:00:00-03:00,VALE3.SA,78.15687765491295,79.41166851545128,77.91370130413776,79.01286315917969,17424200,3.622919049068929
2026-05-07 00:00:00-03:00,VALE3.SA,79.07122326590327,79.44084864820171,77.42734875662362,77.884521484375,18912100,-1.428048079376043
2026-05-08 00:00:00-03:00,VALE3.SA,78.37087136239039,79.55757310114969,78.16660412523308,78.59459686279297,16782600,0.9117028196166332
2026-05-11 00:00:00-03:00,VALE3.SA,79.16848587334303,81.63915829141877,78.97394777664368,81.17225646972656,24868900,3.279690601929741
2026-05-12 00:00:00-03:00,VALE3.SA,80.88045311506065,81.69752206487229,79.5089349792515,80.97772216796875,16503000,-0.23965614634645638
2026-05-13 00:00:00-03:00,VALE3.SA,81.21116522754355,82.72859057571831,80.74427082899182,81.99906158447266,31641800,1.2612597504106038
2026-05-14 00:00:00-03:00,VALE3.SA,82.67995294025366,83.0787656871776,80.37463863959867,80.60809326171875,31954300,-1.6963222454942084
2026-05-15 00:00:00-03:00,VALE3.SA,78.44869256337608,81.22090148925781,78.04987978432914,81.22090148925781,36318900,0.7602316377207874
2026-05-18 00:00:00-03:00,VALE3.SA,80.73454481241274,81.31816654369356,78.84749404082355,79.59648132324219,22668800,-2.0000026301486784
2026-05-19 00:00:00-03:00,VALE3.SA,78.5945971721363,79.06149159571837,77.98178803709939,78.80858612060547,20334400,-0.9898618500949419
2026-05-20 00:00:00-03:00,VALE3.SA,79.22684989512966,79.9661080587042,78.6432281538458,79.7618408203125,15669300,1.2095822887219443
2026-05-21 00:00:00-03:00,VALE3.SA,79.1393088735938,80.61781775904178,79.00313071655857,80.37464141845703,15156600,0.7682879329791836
2026-05-22 00:00:00-03:00,VALE3.SA,80.0828377308212,80.87072673367018,79.61593587136973,80.83181762695312,11443900,0.5688065295568645
2026-05-25 00:00:00-03:00,VALE3.SA,80.57891210907435,81.30844116210938,80.19955759518841,81.30844116210938,7059500,0.5896484195814011
2026-05-26 00:00:00-03:00,VALE3.SA,80.95827161500236,81.82397880493654,80.05365531953535,80.8026351928711,10409000,-0.622082974423066
2026-05-27 00:00:00-03:00,VALE3.SA,81.39598195996824,81.64888742259954,80.2579185098564,81.17225646972656,10613200,0.4574371565645219
2026-05-28 00:00:00-03:00,VALE3.SA,80.88045360946137,81.7558899332916,79.99528815393495,81.66834259033203,12798900,0.6111523101375083
2026-05-29 00:00:00-03:00,VALE3.SA,81.71697759965242,81.97960477585058,80.13146314769327,80.55945587158203,20839400,-1.357792607978392
2026-06-01 00:00:00-03:00,VALE3.SA,79.88828770613992,80.00501501972903,78.38059886666655,79.47002410888672,16605900,-1.3523325733877267
2026-06-02 00:00:00-03:00,VALE3.SA,79.9758348504273,82.7577727376771,79.8007475910496,82.6799545288086,18457400,4.039171317632606
2026-06-03 00:00:00-03:00,VALE3.SA,81.32789485004268,81.50298210976575,79.55757141113281,79.55757141113281,19308800,-3.7764693213369283
2026-06-05 00:00:00-03:00,VALE3.SA,78.58486850260371,78.58486850260371,76.19201415950326,76.55191040039062,23008500,-3.7779697864452344
2026-06-08 00:00:00-03:00,VALE3.SA,76.76590790280126,77.11608243828516,75.20958075684685,75.9391098022461,15671500,-0.8005033381131677
2026-06-09 00:00:00-03:00,VALE3.SA,76.63945390571392,76.63945390571392,74.73295234784834,76.35736846923828,17523500,0.5507816302842805
2026-06-10 00:00:00-03:00,VALE3.SA,75.79319710340175,76.01692259334227,75.09284808238252,75.5792007446289,12469100,-1.0191128115197845
2026-06-11 00:00:00-03:00,VALE3.SA,75.98774524036239,76.89236152016979,74.99558161933341,76.64918518066406,17725500,1.4157128224344229
2026-06-12 00:00:00-03:00,VALE3.SA,76.51300460581055,77.62188808521482,75.99746454858514,77.00907897949219,12112600,0.4695337569210256
2026-06-15 00:00:00-03:00,VALE3.SA,78.57513802555835,80.48163964625257,78.44868899999983,78.94477081298828,22329400,2.5135891237078267
2026-06-16 00:00:00-03:00,VALE3.SA,78.53622675107012,79.94665394096812,78.40004859772174,79.21712493896484,19713900,0.34499324422860855
2026-06-17 00:00:00-03:00,VALE3.SA,78.15687400802699,79.11985023424026,77.09662873027298,77.60243225097656,20268200,-2.0383126618548353
2026-06-18 00:00:00-03:00,VALE3.SA,77.33007914947811,78.18605722819677,76.72699913103682,77.75807189941406,19651900,0.2005602710159149
2026-06-19 00:00:00-03:00,VALE3.SA,77.5051650124034,78.85722489755935,77.33007774707333,78.54595947265625,26305900,1.013255028058535
2026-06-22 00:00:00-03:00,VALE3.SA,78.35141698063416,79.35330227906647,77.9234242624096,78.70159149169922,18089300,0.19814134309117382
2026-06-23 00:00:00-03:00,VALE3.SA,77.30089572959916,77.79697753844596,76.66863576477918,77.21334838867188,18415100,-1.8909949275731086
2026-06-24 00:00:00-03:00,VALE3.SA,76.4157306158682,76.707545191982,75.05394905041157,75.60839080810547,22558900,-2.0786011927464543
2026-06-25 00:00:00-03:00,VALE3.SA,76.06555711597618,77.0577207511841,75.30684811326013,76.51300811767578,13882800,1.1964509492950803
2026-06-26 00:00:00-03:00,VALE3.SA,76.04610196919178,76.7269927225348,75.78347479894595,76.01692199707031,25251100,-0.6483683399853946
2026-06-29 00:00:00-03:00,VALE3.SA,76.21146340741942,76.41573064230857,75.04421994486617,75.99746704101562,11791900,-0.02559292792128076
2026-06-30 00:00:00-03:00,VALE3.SA,75.968284077708,76.15310046344699,75.14148603917735,75.75428771972656,11289500,-0.3199834557088832
2026-07-01 00:00:00-03:00,VALE3.SA,74.9858495904491,76.76590210792816,74.93721877711877,75.84183502197266,15414700,0.1155674548350305
2026-07-02 00:00:00-03:00,VALE3.SA,76.45464384106346,77.15499292455756,75.59866575076697,76.1044692993164,17199300,0.34629209230980784
2026-07-03 00:00:00-03:00,VALE3.SA,76.28928212247399,76.88263298919483,75.88074764999004,76.6880874633789,7793500,0.7668645080056269
2026-07-06 00:00:00-03:00,VALE3.SA,76.15310070889028,76.6297242397425,75.38466261236782,75.666748046875,12389100,-1.331809737713996
2026-07-07 00:00:00-03:00,VALE3.SA,75.4819367344919,75.4819367344919,73.721342354417,74.12014770507812,16866100,-2.04396301112183
2026-07-08 00:00:00-03:00,VALE3.SA,73.16689697027054,73.16689697027054,70.37522996873155,70.7156753540039,29276700,-4.593180743001913
2026-07-09 00:00:00-03:00,VALE3.SA,71.40630207099522,71.48411285757365,69.96669491257964,71.15339660644531,18980500,0.6189875869107686
2026-07-10 00:00:00-03:00,VALE3.SA,71.98019381212704,72.62218288665875,71.12421580057075,72.15528106689453,22142400,1.4080627323959094
2026-07-13 00:00:00-03:00,VALE3.SA,72.15528749878527,72.15528749878527,70.47250387678659,70.86158752441406,16237900,-1.7929298082576928
2026-07-14 00:00:00-03:00,VALE3.SA,71.4160291504938,72.65136917235837,71.18258193090138,71.98992919921875,14780100,1.5923178046440611
2026-07-15 00:00:00-03:00,VALE3.SA,71.97046925706753,72.95290377245954,71.78566028056143,72.47628021240234,15456000,0.6755820134753954
2026-07-16 00:00:00-03:00,VALE3.SA,71.83428598335527,72.05801147097176,70.56004439627526,70.988037109375,12989700,-2.053420924288374
2026-07-17 00:00:00-03:00,VALE3.SA,70.98804393351438,71.12422209692747,70.13205842502829,70.94913482666016,13491600,-0.054801181014352274
2026-07-20 00:00:00-03:00,VALE3.SA,71.00749214388743,71.25066848684595,69.75270132368311,69.9666976928711,13137000,-1.3847062916120256
2026-07-21 00:00:00-03:00,VALE3.SA,70.36550407193201,70.97831321474447,69.61652418990396,70.39469146728516,12581400,0.6117106974132147
2026-07-22 00:00:00-03:00,VALE3.SA,71.60084199300246,73.19607818636183,71.33820739050807,73.0501708984375,17992800,3.7722722776424744
2026-07-23 00:00:00-03:00,VALE3.SA,72.50545822223222,74.96640158876761,72.47627824889828,73.61434173583984,15826900,0.7723059788411923
2026-07-24 00:00:00-03:00,VALE3.SA,73.10853717402787,73.46843340155758,72.79726433982495,73.18634796142578,8637800,-0.5813999885374121
2026-07-27 00:00:00-03:00,VALE3.SA,72.33036933666156,73.6532491865458,72.21364202479434,73.62406921386719,10921700,0.5980913990572656
2026-07-28 00:00:00-03:00,VALE3.SA,74.02287454239622,74.16878182694208,72.95290015764795,73.62406921386719,12270800,0.0
2026-07-29 00:00:00-03:00,VALE3.SA,73.93533740428506,74.12014637858259,72.57354839924263,73.00154113769531,12265200,-0.845549672571777
2026-07-30 00:00:00-03:00,VALE3.SA,73.90615468728846,74.47031814203663,72.57354570548506,74.01314544677734,16732800,1.3857300727034616
2026-07-31 00:00:00-03:00,VALE3.SA,73.63379661010163,74.83022753038442,73.18635301178746,74.19796752929688,17353300,0.24971521126937457
2026-08-03 00:00:00-03:00,VALE3.SA,74.29523509993928,74.39251157597096,71.93156070274125,72.60272979736328,23582200,-2.1499749724326556
2026-08-04 00:00:00-03:00,VALE3.SA,74.03260423388633,74.81077147658415,73.73106795238851,74.22714233398438,19784000,2.2373987054686406
2026-08-05 00:00:00-03:00,VALE3.SA,74.22714362273503,74.8496744592407,73.24471655268408,74.56759643554688,15107500,0.45866524138924447
2026-08-06 00:00:00-03:00,VALE3.SA,74.40223459664467,74.460601967522,73.32253099983083,73.33226013183594,21991700,-1.6566663842768614
2026-08-07 00:00:00-03:00,VALE3.SA,73.8380667177043,74.05205566104325,72.48599945306519,72.92372131347656,13038800,-0.5571065416842602
2026-08-10 00:00:00-03:00,VALE3.SA,72.85563568606365,74.24660469998082,72.66109015406109,73.8575210571289,15094700,1.2805157592523653
2026-08-11 00:00:00-03:00,VALE3.SA,74.22714127329373,74.606495757871,71.69810890239437,72.36927795410156,36211800,-2.015019028158538
2026-08-12 00:00:00-03:00,VALE3.SA,73.11000061035156,73.54000091552734,72.66000366210938,73.18000030517578,24930300,1.1202576203515502
2026-08-13 00:00:00-03:00,VALE3.SA,72.19999694824219,73.19999694824219,71.5,71.9000015258789,19535200,-1.749110103797502
2026-08-14 00:00:00-03:00,VALE3.SA,71.55000305175781,71.9800033569336,71.08999633789062,71.30000305175781,22933800,-0.8344902105532404
2026-08-17 00:00:00-03:00,VALE3.SA,71.19999694824219,71.80000305175781,70.69000244140625,71.41000366210938,10007400,0.15427854928942164
2026-08-18 00:00:00-03:00,VALE3.SA,70.98999786376953,72.70999908447266,70.8499984741211,71.55000305175781,12466800,0.19605010848462445
2026-08-19 00:00:00-03:00,VALE3.SA,72.5999984741211,73.8499984741211,71.76000213623047,72.12999725341797,18624200,0.8106138042238697
2026-08-20 00:00:00-03:00,VALE3.SA,71.48999786376953,74.0999984741211,71.25,74.0199966430664,24999800,2.620268212416832
2026-08-21 00:00:00-03:00,VALE3.SA,74.80000305175781,75.80999755859375,74.51000213623047,75.02999877929688,28372500,1.364499030040256
2026-08-24 00:00:00-03:00,VALE3.SA,74.70999908447266,78.36000061035156,74.70999908447266,77.12999725341797,28776400,2.798878459665577
2026-08-25 00:00:00-03:00,VALE3.SA,77.0999984741211,78.76000213623047,76.88999938964844,78.69999694824219,18033600,2.0355241160787685
2026-08-26 00:00:00-03:00,VALE3.SA,79.0,79.58000183105469,78.20999908447266,78.44999694824219,13673700,-0.3176620199419
2026-08-27 00:00:00-03:00,VALE3.SA,78.06999969482422,79.30000305175781,77.87999725341797,79.11000061035156,11544100,0.8413048920127064
2026-08-28 00:00:00-03:00,VALE3.SA,79.19000244140625,79.4800033569336,77.76000213623047,78.58000183105469,13040900,-0.6699516814660744
2026-08-31 00:00:00-03:00,VALE3.SA,79.20999908447266,79.69999694824219,77.8499984741211,77.8499984741211,28004000,-0.9289938151224364
2026-09-01 00:00:00-03:00,VALE3.SA,77.87000274658203,78.97000122070312,77.3499984741211,78.30000305175781,15755000,0.5780405734835181
2026-09-02 00:00:00-03:00,VALE3.SA,78.80000305175781,81.76000213623047,78.5199966430664,80.80000305175781,32989800,3.1928478959923456
2026-09-03 00:00:00-03:00,VALE3.SA,81.30999755859375,81.98999786376953,77.66000366210938,78.44999694824219,32356700,-2.9084232855910774
2026-09-04 00:00:00-03:00,VALE3.SA,78.19999694824219,79.7300033569336,77.55000305175781,78.62000274658203,13868300,0.2167059336560584
2026-03-04 00:00:00-03:00,ITUB4.SA,44.352440242342,44.597535504260684,43.64656469126198,44.126949310302734,27146100,
2026-03-05 00:00:00-03:00,ITUB4.SA,43.921072206911084,44.11714917343108,42.479914543681815,42.65637969970703,37085400,-3.3325884376338544
2026-03-06 00:00:00-03:00,ITUB4.SA,42.60736557336921,42.7348161750903,41.81325920384398,42.087764739990234,26063600,-1.3330127022493254
2026-03-09 00:00:00-03:00,ITUB4.SA,41.685808139781805,42.43089618956814,41.5191413947862,42.31325149536133,40970400,0.5357536965056475
2026-03-10 00:00:00-03:00,ITUB4.SA,42.725019186406605,43.3328545500447,41.97992729820438,42.94070053100586,50383100,1.4828665098292282
2026-03-11 00:00:00-03:00,ITUB4.SA,42.421099122460745,43.56814344353427,42.352472730936235,43.028934478759766,18482600,0.20547859411421676
2026-03-12 00:00:00-03:00,ITUB4.SA,42.24462435811607,42.3720749561489,41.47012234370807,41.85247039794922,27095200,-2.734123201194494
2026-03-13 00:00:00-03:00,ITUB4.SA,41.98972519180255,42.4995200834569,41.49953463148652,41.56816101074219,24896600,-0.679313274709259
2026-03-16 00:00:00-03:00,ITUB4.SA,42.40149027802224,42.61717535595973,42.009336270837295,42.156394958496094,17777300,1.415106979598857
2026-03-17 00:00:00-03:00,ITUB4.SA,42.05835658522805,42.528939130451114,41.44071535843506,41.8720817565918,22436600,-0.674424846299615
2026-03-18 00:00:00-03:00,ITUB4.SA,41.66620080682474,42.195607549936064,41.44071358065305,41.45051574707031,23872800,-1.0067949617888705
2026-03-19 00:00:00-03:00,ITUB4.SA,40.88189249371227,41.764233237116166,40.55836493656421,41.74462890625,32908000,0.7095524720955426
2026-03-20 00:00:00-03:00,ITUB4.SA,41.62490421358491,41.78306090382918,40.72538733080447,41.071353912353516,37660900,-1.6128422063794723
2026-03-23 00:00:00-03:00,ITUB4.SA,42.04994871728114,42.64303533045114,41.57547867259459,42.28718185424805,27535500,2.9602821092509224
2026-03-24 00:00:00-03:00,ITUB4.SA,42.01041334315434,42.316843597952015,41.476633068637035,42.04995346069336,18609000,-0.56099362301405
2026-03-25 00:00:00-03:00,ITUB4.SA,42.652931218032144,42.99889785337861,42.35638407830258,42.6035041809082,35148900,1.3164122065730366
2026-03-26 00:00:00-03:00,ITUB4.SA,42.19821976290942,42.34649330606783,41.45685958862305,41.45685958862305,18260900,-2.6914325812640527
2026-03-27 00:00:00-03:00,ITUB4.SA,41.32836097325512,41.32836097325512,40.70561735447028,40.97250747680664,27910700,-1.1683280321342249
2026-03-30 00:00:00-03:00,ITUB4.SA,41.516166889343516,41.57547705665636,40.75503671054857,41.12077331542969,18528100,0.3618666460845077
2026-03-31 00:00:00-03:00,ITUB4.SA,41.80283569533608,43.13728268471692,41.66444904704513,42.9791259765625,33419700,4.519255138705058
2026-04-01 00:00:00-03:00,ITUB4.SA,43.35310322030138,43.78821512299555,43.016879186114394,43.34321594238281,26681100,0.8471320845818475
2026-04-02 00:00:00-03:00,ITUB4.SA,42.14665136182952,43.52121309662208,41.9983195599365,42.81909942626953,17811800,-1.2092238767192565
2026-04-06 00:00:00-03:00,ITUB4.SA,42.86854023910797,43.254211949543105,42.72020844801453,43.006988525390625,11004600,0.4387974096573988
2026-04-07 00:00:00-03:00,ITUB4.SA,42.819106376384596,42.98722030594692,42.16643653405932,42.97732925415039,20302000,-0.06896384112717868
2026-04-08 00:00:00-03:00,ITUB4.SA,45.192446780273215,45.22211238671116,44.20355299415052,44.48044204711914,35777600,3.4974550979656183
2026-04-09 00:00:00-03:00,ITUB4.SA,44.697995366028934,45.44955290763708,44.49032859730787,45.241886138916016,22162900,1.711862690101551
2026-04-10 00:00:00-03:00,ITUB4.SA,45.321001965227424,45.864892768365124,45.26166698272267,45.55833435058594,29705900,0.6994584856570008
2026-04-13 00:00:00-03:00,ITUB4.SA,45.251780735135085,45.52867357721217,44.737559254843326,45.321006774902344,31011600,-0.5209311952831364
2026-04-14 00:00:00-03:00,ITUB4.SA,45.489113068515344,46.31978397979014,45.340777495229354,46.01322555541992,23343300,1.5273684981351954
2026-04-15 00:00:00-03:00,ITUB4.SA,45.85500209265679,46.88345249715053,45.85500209265679,46.51756286621094,28907200,1.0960703247886228
2026-04-16 00:00:00-03:00,ITUB4.SA,46.74501684134362,46.942796383153436,46.003346388805056,46.45823669433594,22566300,-0.12753499585872463
2026-04-17 00:00:00-03:00,ITUB4.SA,46.972457926048506,47.368016975410654,46.23078753774248,46.28023147583008,39165500,-0.383151043112151
2026-04-20 00:00:00-03:00,ITUB4.SA,46.280227982586105,46.50767309848599,45.71655883180588,45.855003356933594,19194500,-0.9188115645414663
2026-04-22 00:00:00-03:00,ITUB4.SA,45.74622319773559,45.74622319773559,44.48044040536381,44.529884338378906,25440000,-2.8898024676609735
2026-04-23 00:00:00-03:00,ITUB4.SA,44.401331964462955,44.61888602957266,43.62999225550738,43.689327239990234,20444200,-1.8876247061441864
2026-04-24 00:00:00-03:00,ITUB4.SA,43.966213108533765,44.02554808872361,43.40254399988565,43.87721252441406,18234600,0.43004847246046474
2026-04-27 00:00:00-03:00,ITUB4.SA,44.00578001624216,44.065115010258275,43.49155471842883,43.50144577026367,13718400,-0.8564052557835322
2026-04-28 00:00:00-03:00,ITUB4.SA,43.19488065609483,44.11455217421613,42.72021209389197,43.61021423339844,27131800,0.2500341338289802
2026-04-29 00:00:00-03:00,ITUB4.SA,43.362994471798636,43.521217339307164,42.28510000804346,42.39387893676758,18628100,-2.789106446762968
2026-04-30 00:00:00-03:00,ITUB4.SA,42.83888441459621,43.07622061578682,42.65099592738805,42.7103271484375,22735500,0.7464478825868204
2026-05-04 00:00:00-03:00,ITUB4.SA,42.649167678204506,42.78767051651179,41.79836021555198,41.94675827026367,25336300,-1.7877851310295179
2026-05-05 00:00:00-03:00,ITUB4.SA,42.045692096245375,42.24355493148223,41.669753086687315,42.00611877441406,29386700,0.14151392526671192
2026-05-06 00:00:00-03:00,ITUB4.SA,42.77777750751873,42.82724226597148,41.09594930269118,41.33338165283203,38718400,-1.6015217335237253
2026-05-07 00:00:00-03:00,ITUB4.SA,41.34327600329639,41.422418860379985,40.08685154052191,40.353965759277344,36335300,-2.3695518111269243
2026-05-08 00:00:00-03:00,ITUB4.SA,40.72001349911417,41.10584392841455,40.541937335757154,40.81894302368164,35920000,1.1522467634978328
2026-05-11 00:00:00-03:00,ITUB4.SA,40.512258985468165,40.670548488159966,39.681238152856324,39.898887634277344,41215600,-2.2539912140069784
2026-05-12 00:00:00-03:00,ITUB4.SA,39.85931418175817,39.89888750077857,39.34487235625123,39.44380187988281,43381700,-1.1405975990257056
2026-05-13 00:00:00-03:00,ITUB4.SA,39.50315982219154,40.136317798203635,38.949144706221354,39.20636749267578,48564700,-0.6019561398520445
2026-05-14 00:00:00-03:00,ITUB4.SA,39.720812060944496,40.215467235930504,39.56252255590575,39.9681396484375,34925200,1.942980705631614
2026-05-15 00:00:00-03:00,ITUB4.SA,39.35476619046375,39.62188044920369,39.15690713117756,39.2756233215332,46869600,-1.732670904865019
2026-05-18 00:00:00-03:00,ITUB4.SA,39.245936927097915,39.42401307909827,38.87989318083905,39.19647216796875,22993100,-0.20152742813647206
2026-05-19 00:00:00-03:00,ITUB4.SA,38.63256988499138,38.99861367174375,38.28631275886343,38.365455627441406,41150400,-2.120130957108046
2026-05-20 00:00:00-03:00,ITUB4.SA,38.800750736562584,39.55262489556821,38.682030784678076,39.24593734741211,38261500,2.2949856989080697
2026-05-21 00:00:00-03:00,ITUB4.SA,39.008501286537104,40.017598138198046,38.83042514954289,39.691123962402344,40949800,1.1343508273209624
2026-05-22 00:00:00-03:00,ITUB4.SA,39.58230480623379,39.61198668252157,38.88979059150953,39.008506774902344,21539700,-1.7198232737037467
2026-05-25 00:00:00-03:00,ITUB4.SA,39.43391046230297,40.05717702855485,39.43391046230297,39.88899230957031,11436200,2.257162879237562
2026-05-26 00:00:00-03:00,ITUB4.SA,39.79006058113919,39.92856341620539,39.22615402470149,39.631771087646484,23046600,-0.6448426170498012
2026-05-27 00:00:00-03:00,ITUB4.SA,40.1659979950514,40.38364747588336,39.859314207245745,39.88899230957031,21601400,0.6490278250623094
2026-05-28 00:00:00-03:00,ITUB4.SA,39.88899341146534,40.01760481495694,39.295408705060254,39.57241439819336,20196600,-0.7936473022934654
2026-05-29 00:00:00-03:00,ITUB4.SA,39.44380334251344,39.73070425517089,39.117332883287716,39.61198806762695,80334400,0.10000317149059246
2026-06-01 00:00:00-03:00,ITUB4.SA,39.63987248372571,39.649772194394714,38.848065533706766,38.956939697265625,32832400,-1.6536619400243313
2026-06-02 00:00:00-03:00,ITUB4.SA,39.22417866064314,39.580492763034904,39.06581725687276,39.1548957824707,23121000,0.5081407491024592
2026-06-03 00:00:00-03:00,ITUB4.SA,38.82827357084621,38.897556449567226,38.24431518188779,38.3234977722168,40844400,-2.1233564631938484
2026-06-05 00:00:00-03:00,ITUB4.SA,38.353190454278064,38.768887738510514,38.17503339656877,38.432373046875,34727700,0.2840953487735609
2026-06-08 00:00:00-03:00,ITUB4.SA,38.32349820412875,38.67981231335756,38.03646697440178,38.125545501708984,23153100,-0.7983570121776862
2026-06-09 00:00:00-03:00,ITUB4.SA,38.52144750416274,38.93714856083548,38.37298580763474,38.81837844848633,28212000,1.8172407441259697
2026-06-10 00:00:00-03:00,ITUB4.SA,38.63031720658905,39.18458395941899,38.2542112651009,38.956939697265625,41470600,0.35694754473882817
2026-06-11 00:00:00-03:00,ITUB4.SA,38.83817060659122,40.20403621495805,38.81837496037284,40.08526611328125,57558800,2.8963425381558494
2026-06-12 00:00:00-03:00,ITUB4.SA,39.80813628156427,40.698917744827206,39.69926211062874,40.184242248535156,30651000,0.24691400320058232
2026-06-15 00:00:00-03:00,ITUB4.SA,40.857283516824495,41.06513594522727,39.90711501076672,39.986297607421875,25132500,-0.4925926931482638
2026-06-16 00:00:00-03:00,ITUB4.SA,39.8675207428097,40.21393891392119,39.71905904859084,40.03578186035156,20052700,0.12375302513754072
2026-06-17 00:00:00-03:00,ITUB4.SA,40.53065998251026,41.20369687246377,40.21393718437138,40.38219451904297,28205700,0.8652576335332451
2026-06-18 00:00:00-03:00,ITUB4.SA,40.50096782924517,40.9562601912761,40.04567924284811,40.075374603271484,20051100,-0.7597900991408446
2026-06-19 00:00:00-03:00,ITUB4.SA,40.306946364973655,40.31693154345939,39.707732794395554,39.817588806152344,48413400,-0.64325237049212
2026-06-22 00:00:00-03:00,ITUB4.SA,40.10721118920933,40.96608136434061,40.047288685240986,40.88618469238281,25404800,2.683728267507135
2026-06-23 00:00:00-03:00,ITUB4.SA,40.46673446570442,41.32560455322369,40.33690429185828,40.996036529541016,21074900,0.26867715338250164
2026-06-24 00:00:00-03:00,ITUB4.SA,40.75635580033336,41.42547324312224,40.75635580033336,40.91614532470703,22041600,-0.19487543576661714
2026-06-25 00:00:00-03:00,ITUB4.SA,41.245711641912685,42.05464829298978,41.16581878051906,41.64518737792969,20778400,1.7817955416792985
2026-06-26 00:00:00-03:00,ITUB4.SA,41.455434965223795,42.484083658933464,41.34558275628587,42.184478759765625,23047700,1.2949668756244925
2026-06-29 00:00:00-03:00,ITUB4.SA,42.18447715538454,42.55398972331529,41.98473929364151,42.354251861572266,21151300,0.40245395178040155
2026-06-30 00:00:00-03:00,ITUB4.SA,42.03467564175474,42.46411074007721,41.585266374942485,42.12455749511719,40172400,-0.5423171378538205
2026-07-01 00:00:00-03:00,ITUB4.SA,41.663148628259314,42.762174985086055,41.43335234678921,42.40249252319336,26405300,0.6597933476414353
2026-07-02 00:00:00-03:00,ITUB4.SA,42.672254180287204,43.1218572556583,42.27260996654426,42.43246841430664,15005100,0.07069370060470703
2026-07-03 00:00:00-03:00,ITUB4.SA,42.75218359444029,42.85209369103572,42.492411245170764,42.70222854614258,9878400,0.6357398989896623
2026-07-06 00:00:00-03:00,ITUB4.SA,42.452450626503136,42.632288042910105,42.012837042566616,42.52238845825195,19170500,-0.4211491859173022
2026-07-07 00:00:00-03:00,ITUB4.SA,42.6322875912744,43.14183900156168,42.322564000046775,42.39250183105469,21184500,-0.3054546837715555
2026-07-08 00:00:00-03:00,ITUB4.SA,42.2925913277541,42.2925913277541,41.52327138271003,41.85297775268555,18564500,-1.2726875156349293
2026-07-09 00:00:00-03:00,ITUB4.SA,41.912922997704584,42.71221515053723,41.90292970192351,42.5523567199707,18657300,1.6710375338592875
2026-07-10 00:00:00-03:00,ITUB4.SA,43.35164962997563,44.300810745497245,43.19179119661704,44.26084518432617,28815100,4.015026654337195
2026-07-13 00:00:00-03:00,ITUB4.SA,44.07101556733461,44.600545926207005,43.441571303082476,43.481536865234375,17749900,-1.7607172114457725
2026-07-14 00:00:00-03:00,ITUB4.SA,43.77128333415542,43.96111404545619,43.20178738892718,43.5914421081543,15398000,0.25276301355345865
2026-07-15 00:00:00-03:00,ITUB4.SA,43.48153670688734,43.58144680057745,43.0119508816271,43.101871490478516,18975900,-1.123088831200203
2026-07-16 00:00:00-03:00,ITUB4.SA,43.191793278773396,43.191793278773396,42.302580462141904,42.512393951416016,18156600,-1.3676379207634204
2026-07-17 00:00:00-03:00,ITUB4.SA,42.46243623155177,42.57233961749259,41.832991992006995,41.92291259765625,19576400,-1.3866105833358566
2026-07-20 00:00:00-03:00,ITUB4.SA,42.10275296137138,42.49240764089867,42.0627874015928,42.262611389160156,12612200,0.8102938714303454
2026-07-21 00:00:00-03:00,ITUB4.SA,42.34254741758312,42.54237142831652,42.14272340684972,42.49241256713867,9834900,0.5437458084699864
2026-07-22 00:00:00-03:00,ITUB4.SA,42.6422804623099,42.94201456525609,42.232642965640736,42.86208724975586,21986300,0.8699780979324112
2026-07-23 00:00:00-03:00,ITUB4.SA,42.602315775396605,42.832112052760706,42.232643834534876,42.52238845825195,22570600,-0.7925390789405462
2026-07-24 00:00:00-03:00,ITUB4.SA,42.26261391650923,42.412482868978465,42.00284538506512,42.06278991699219,10443700,-1.0808389601891566
2026-07-27 00:00:00-03:00,ITUB4.SA,42.412481712234694,42.82211918497572,42.2925888403247,42.65226745605469,14920100,1.4014228257939854
2026-07-28 00:00:00-03:00,ITUB4.SA,43.46155442058078,43.63140234405241,42.56234832183154,42.822120666503906,19096400,0.39822785652421366
2026-07-29 00:00:00-03:00,ITUB4.SA,42.612307366745625,42.692234680691534,41.78303909301758,41.78303909301758,20532400,-2.4265065749046633
2026-07-30 00:00:00-03:00,ITUB4.SA,42.15271158089007,42.8121281278672,41.793032946351,42.70222854614258,12531700,2.199910473430844
2026-07-31 00:00:00-03:00,ITUB4.SA,43.21177518082679,43.26173022801924,42.85209274291992,42.85209274291992,10285400,0.35095169943040183
2026-08-03 00:00:00-03:00,ITUB4.SA,43.33005252476469,43.4500000563804,42.810295139531576,43.1501350402832,17043500,0.695513983765772
2026-08-04 00:00:00-03:00,ITUB4.SA,43.799837255906915,43.83981976623067,42.03065120997259,42.08062744140625,26508600,-2.478573005341711
2026-08-05 00:00:00-03:00,ITUB4.SA,42.59039788134714,43.36004410043231,42.26054786762107,42.360504150390625,30166400,0.6650963305480095
2026-08-06 00:00:00-03:00,ITUB4.SA,42.280537852943716,42.8802640927024,41.81075668334961,41.81075668334961,22055300,-1.2977831073239132
2026-08-07 00:00:00-03:00,ITUB4.SA,41.99066935423397,42.110616887075054,40.48136578893369,40.73125076293945,25577700,-2.5818856343254093
2026-08-10 00:00:00-03:00,ITUB4.SA,40.73125152182079,40.86119277834857,40.32144030933365,40.40140151977539,19652700,-0.8098185962513771
2026-08-11 00:00:00-03:00,ITUB4.SA,40.43138926544299,40.531341729148366,38.78214692370966,38.9820556640625,44710200,-3.5131104425131343
2026-08-12 00:00:00-03:00,ITUB4.SA,39.191959095789045,39.32190035217634,38.37233667170088,38.41231918334961,49492600,-1.4615352397593817
2026-08-13 00:00:00-03:00,ITUB4.SA,38.362341142844286,38.89209605193336,38.14244115207887,38.29237365722656,24129000,-0.31225796482249324
2026-08-14 00:00:00-03:00,ITUB4.SA,38.24239446863962,39.11199691723316,37.85257452206973,38.9820556640625,39681400,1.8010949465019133
2026-08-17 00:00:00-03:00,ITUB4.SA,38.902091488332765,38.96206525562485,38.152436555421446,38.362342834472656,21823400,-1.5897387119098383
2026-08-18 00:00:00-03:00,ITUB4.SA,38.46229562269802,38.72217813686627,38.08246938588254,38.172428131103516,14745300,-0.49505501837724397
2026-08-19 00:00:00-03:00,ITUB4.SA,38.70218576221623,38.98205571128398,38.14244205113864,38.35234451293945,35577300,0.47132548450419254
2026-08-20 00:00:00-03:00,ITUB4.SA,38.20241687042843,38.3223605929154,37.33281439680682,37.492740631103516,27458900,-2.241333333731188
2026-08-21 00:00:00-03:00,ITUB4.SA,37.78260611465879,38.70218477270787,37.54271868243172,38.582237243652344,29492600,2.90588683091626
2026-08-24 00:00:00-03:00,ITUB4.SA,38.23240238171853,39.121992310725666,38.13244991374061,38.712181091308594,18970400,0.3367970779808216
2026-08-25 00:00:00-03:00,ITUB4.SA,38.83212342086463,39.55179336587483,38.412318494903424,39.421852111816406,18255700,1.8331982350308529
2026-08-26 00:00:00-03:00,ITUB4.SA,39.4818266665416,40.14152285832562,39.28191792083144,39.43185043334961,20036200,0.025362384052485254
2026-08-27 00:00:00-03:00,ITUB4.SA,39.23194087121445,39.42185207856881,38.85211464356362,39.082008361816406,24225700,-0.8872068332794303
2026-08-28 00:00:00-03:00,ITUB4.SA,39.30190780485167,39.36188157035397,38.71217912270954,39.171966552734375,20889700,0.23017801461262533
2026-08-31 00:00:00-03:00,ITUB4.SA,39.56179338075451,39.83166581411326,39.25193462101421,39.5018196105957,25694900,0.8420640751269692
2026-09-01 00:00:00-03:00,ITUB4.SA,39.779998779296875,40.41999816894531,39.36000061035156,39.880001068115234,27032600,0.9573773088116022
2026-09-02 00:00:00-03:00,ITUB4.SA,40.27000045776367,41.599998474121094,40.0,41.40999984741211,44023900,3.836506364891079
2026-09-03 00:00:00-03:00,ITUB4.SA,41.869998931884766,42.58000183105469,41.59000015258789,41.91999816894531,42338500,1.2315825245410528
2026-09-04 00:00:00-03:00,ITUB4.SA,41.91999816894531,42.4900016784668,41.38999938964844,41.91999816894531,23959900,0.0
2026-03-04 00:00:00-03:00,BBDC4.SA,19.72758882850383,19.8619872774164,19.343597183789186,19.66999053955078,64157000,
2026-03-05 00:00:00-03:00,BBDC4.SA,19.554795703148304,19.573993913831337,19.007605500804807,19.036405563354492,46790000,-3.2210741277293953
2026-03-06 00:00:00-03:00,BBDC4.SA,18.921207222124362,19.036405641780945,18.56601560429869,18.767610549926758,37187000,-1.41200507907423
2026-03-09 00:00:00-03:00,BBDC4.SA,18.5468155625198,18.950007284792697,18.345220616891734,18.767610549926758,38655600,0.0
2026-03-10 00:00:00-03:00,BBDC4.SA,19.00760249414538,19.439594208973606,18.89240592420217,19.2283992767334,32907500,2.4552338486608205
2026-03-11 00:00:00-03:00,BBDC4.SA,19.017207467608156,19.45879931680586,18.950009145799513,19.142005920410156,23976900,-0.44930082364047497
2026-03-12 00:00:00-03:00,BBDC4.SA,18.77721228722838,18.80601235252931,18.393220571633954,18.614015579223633,45693900,-2.7582811507938843
2026-03-13 00:00:00-03:00,BBDC4.SA,18.700414430483082,18.863611142732367,18.114827735602578,18.230024337768555,33706400,-2.0629145807940397
2026-03-16 00:00:00-03:00,BBDC4.SA,18.56601744191721,18.700414085638172,18.2396240234375,18.2396240234375,34664900,0.05265865525510005
2026-03-17 00:00:00-03:00,BBDC4.SA,18.153223215978947,18.431618318828544,17.932428236418943,18.095624923706055,24004200,-0.789485021985159
2026-03-18 00:00:00-03:00,BBDC4.SA,17.97082829424414,18.172425083991303,17.855631698117374,17.884429931640625,26382300,-1.167105269676294
2026-03-19 00:00:00-03:00,BBDC4.SA,17.529237961732235,17.990027999624715,17.346841218435145,17.89402961730957,33436700,0.053676218395759534
2026-03-20 00:00:00-03:00,BBDC4.SA,17.894026932131293,17.96122524036306,17.394838714831067,17.596433639526367,53625700,-1.6631020745339953
2026-03-23 00:00:00-03:00,BBDC4.SA,17.999628970497533,18.508419141896365,17.999628970497533,18.2396240234375,30955400,3.6552314922857487
2026-03-24 00:00:00-03:00,BBDC4.SA,18.086025623784245,18.182024002075195,17.874830656357574,18.182024002075195,23064400,-0.31579610022821614
2026-03-25 00:00:00-03:00,BBDC4.SA,18.527613430764475,18.681210085635865,18.383616795699616,18.50841522216797,29470000,1.7951313894180476
2026-03-26 00:00:00-03:00,BBDC4.SA,18.278020738826555,18.43161739789093,18.047623919213386,18.066823959350586,50872800,-2.385894510776254
2026-03-27 00:00:00-03:00,BBDC4.SA,17.961226378400337,18.057224752392496,17.702033148943205,17.778831481933594,20727200,-1.59404042495217
2026-03-30 00:00:00-03:00,BBDC4.SA,18.018822387771177,18.038022424389645,17.644428997776135,17.73082733154297,32459400,-0.2700073423802074
2026-03-31 00:00:00-03:00,BBDC4.SA,18.047627105968267,18.47001890848732,17.88443039801888,18.402820587158203,41297600,3.789971235125411
2026-04-01 00:00:00-03:00,BBDC4.SA,18.43161933022376,18.84440925034993,18.41241928807367,18.652414321899414,48850400,1.356279780912395
2026-04-02 00:00:00-03:00,BBDC4.SA,18.103674767326776,18.622568946709443,18.074846600159688,18.372732162475586,29291200,-1.499442134391471
2026-04-06 00:00:00-03:00,BBDC4.SA,18.430384862294808,18.62256712621076,18.39194730982959,18.574522018432617,27976500,1.0983116401662052
2026-04-07 00:00:00-03:00,BBDC4.SA,18.473837829837716,18.747089385986328,18.317693551642332,18.747089385986328,24923500,0.9290541494551663
2026-04-08 00:00:00-03:00,BBDC4.SA,20.05479832709521,20.05479832709521,19.352149102713206,19.683956146240234,67537800,4.997398481250248
2026-04-09 00:00:00-03:00,BBDC4.SA,19.713232159609767,19.87913566676618,19.508291657175896,19.801063537597656,32822000,0.5949382862234787
2026-04-10 00:00:00-03:00,BBDC4.SA,19.986485775799743,20.142630050502355,19.849860000781607,19.947450637817383,33816800,0.7392890788000983
2026-04-13 00:00:00-03:00,BBDC4.SA,19.742508404976693,20.210941188536612,19.63516038877739,20.093833923339844,34692500,0.733844580845533
2026-04-14 00:00:00-03:00,BBDC4.SA,20.210942074701126,20.464676975601225,20.18166618781152,20.27925682067871,32893100,0.9227850595673992
2026-04-15 00:00:00-03:00,BBDC4.SA,20.162147047057243,20.47443557318071,20.11335266287037,20.29877281188965,37389800,0.09623622494407957
2026-04-16 00:00:00-03:00,BBDC4.SA,20.474435024279455,20.679375527420234,20.328050014256835,20.34756851196289,35466500,0.24038743881433788
2026-04-17 00:00:00-03:00,BBDC4.SA,20.78672533820439,21.069737995238018,20.620821816140054,20.747690200805664,49218700,1.9664349015831029
2026-04-20 00:00:00-03:00,BBDC4.SA,20.67937576703255,20.757447897374995,20.454916763584905,20.523231506347656,20455500,-1.0818490746950293
2026-04-22 00:00:00-03:00,BBDC4.SA,20.28901299807369,20.386601754778127,19.859615395306538,19.918169021606445,35201800,-2.9481833041452132
2026-04-23 00:00:00-03:00,BBDC4.SA,19.908411742261826,20.054796753179684,19.449738211682824,19.488773345947266,19189100,-2.1557989350998508
2026-04-24 00:00:00-03:00,BBDC4.SA,19.557088682345753,19.65467745166413,19.35214817172695,19.439979553222656,21380800,-0.25036872181981584
2026-04-27 00:00:00-03:00,BBDC4.SA,19.44973790832092,19.557087783299977,19.2350381583628,19.25455665588379,17874000,-0.9538224915886184
2026-04-28 00:00:00-03:00,BBDC4.SA,18.96178769988626,19.17648560047442,18.883715566819063,19.098413467407227,26064600,-0.8109414891609434
2026-04-29 00:00:00-03:00,BBDC4.SA,19.030101324025285,19.039860573711685,18.551909257711035,18.649499893188477,33825900,-2.35052809483286
2026-04-30 00:00:00-03:00,BBDC4.SA,18.776362845782746,19.010579209557555,18.74708510229107,18.854434967041016,24009300,1.0988770477828647
2026-05-04 00:00:00-03:00,BBDC4.SA,18.844679688763332,18.91299257658087,18.346969112881393,18.45431900024414,27527900,-2.1221318352754093
2026-05-05 00:00:00-03:00,BBDC4.SA,18.541203329309862,18.765885541169887,18.45328387888587,18.746349334716797,23567700,1.5824498019612276
2026-05-06 00:00:00-03:00,BBDC4.SA,19.019874231114855,19.18594409163986,18.68773451006484,18.824499130249023,31056000,0.41688007695184215
2026-05-07 00:00:00-03:00,BBDC4.SA,18.463052843404853,18.463052843404853,17.994150351765086,18.091838836669922,53319900,-3.8920573052687035
2026-05-08 00:00:00-03:00,BBDC4.SA,18.189530116152106,18.394674289042328,18.072303543605436,18.16022300720215,37000000,0.3779835269901888
2026-05-11 00:00:00-03:00,BBDC4.SA,18.03322460401121,18.11137688243439,17.622936321806744,17.67177963256836,33701700,-2.689633130827074
2026-05-12 00:00:00-03:00,BBDC4.SA,17.642473033472516,17.7792376613774,17.51547930390326,17.544784545898438,29020600,-0.7186321316268285
2026-05-13 00:00:00-03:00,BBDC4.SA,17.505711268656828,17.837851027427064,17.23218386047751,17.241952896118164,54103500,-1.726049407948238
2026-05-14 00:00:00-03:00,BBDC4.SA,17.388484663802615,17.642474000110226,17.36894845581974,17.427560806274414,28467200,1.0764900662618038
2026-05-15 00:00:00-03:00,BBDC4.SA,17.12472790644723,17.329872061686018,17.066113693590722,17.281028747558594,34994000,-0.8408064693887884
2026-05-18 00:00:00-03:00,BBDC4.SA,17.281027532834987,17.398252223802015,17.085650563552786,17.251720428466797,17534300,-0.16959823121605044
2026-05-19 00:00:00-03:00,BBDC4.SA,17.07588217596229,17.251721082330228,16.860968992208665,16.98796272277832,37267200,-1.5288776953123695
2026-05-20 00:00:00-03:00,BBDC4.SA,17.105189006244885,17.603398611854296,17.105189006244885,17.447097778320312,40845900,2.7027081648016704
2026-05-21 00:00:00-03:00,BBDC4.SA,17.300563787401757,17.671779657422462,17.232182406938172,17.48617172241211,20334500,0.22395669806098972
2026-05-22 00:00:00-03:00,BBDC4.SA,17.388483524215196,17.51547911567262,17.193108414419566,17.212646484375,20095600,-1.5642374007257986
2026-05-25 00:00:00-03:00,BBDC4.SA,17.34941001581496,17.65224266052246,17.329871944994352,17.65224266052246,13186100,2.5539139291945068
2026-05-26 00:00:00-03:00,BBDC4.SA,17.466635085493184,17.613168756509403,17.28102899851122,17.427560806274414,26326900,-1.272823281262303
2026-05-27 00:00:00-03:00,BBDC4.SA,17.68154696536294,17.779235440735647,17.505708082342608,17.583858489990234,23973800,0.8968419932842808
2026-05-28 00:00:00-03:00,BBDC4.SA,17.671779657422462,17.789004348716357,17.40802130713189,17.48617172241211,31080500,-0.5555479625460658
2026-05-29 00:00:00-03:00,BBDC4.SA,17.5252475211929,17.53501655581974,17.290796279907227,17.290796279907227,59372500,-1.1173139873404625
2026-06-01 00:00:00-03:00,BBDC4.SA,17.378715338113086,17.398251543675308,17.066111826831182,17.09541893005371,27399600,-1.1299499843194227
2026-06-02 00:00:00-03:00,BBDC4.SA,17.211738379216346,17.505119530939904,17.18239951793524,17.358428955078125,21483700,1.5384824794322016
2026-06-03 00:00:00-03:00,BBDC4.SA,17.123723546071417,17.23129750477716,16.928134869383133,16.986812591552734,30635400,-2.140840997114979
2026-06-05 00:00:00-03:00,BBDC4.SA,17.02592840916,17.18239859706296,16.93791369530561,17.084604263305664,24164700,0.5756917092354374
2026-06-08 00:00:00-03:00,BBDC4.SA,17.01614916928179,17.12372312534446,16.801003122428263,16.8205623626709,18139400,-1.5454961470888429
2026-06-09 00:00:00-03:00,BBDC4.SA,16.947694019721357,17.231297412879677,16.869458922517655,17.045488357543945,26754000,1.3372085309835802
2026-06-10 00:00:00-03:00,BBDC4.SA,16.96725284401564,17.025928699160726,16.781443793239095,16.87923812866211,19825200,-0.9753327413952184
2026-06-11 00:00:00-03:00,BBDC4.SA,16.840119122508522,17.358427778374722,16.791222888959826,17.28997230529785,31243100,2.4333691693008808
2026-06-12 00:00:00-03:00,BBDC4.SA,17.12372045178004,17.59313095268225,17.094381595996833,17.40732192993164,22078400,0.678714936968583
2026-06-15 00:00:00-03:00,BBDC4.SA,17.671370125635203,17.866958812242917,17.153063277087078,17.260635375976562,18201800,-0.8426715754756731
2026-06-16 00:00:00-03:00,BBDC4.SA,17.153062637048713,17.299753213895006,17.084605293600017,17.270414352416992,19627200,0.05665478835177318
2026-06-17 00:00:00-03:00,BBDC4.SA,17.358428563106724,17.58335423203385,17.113943653767194,17.162839889526367,30207900,-0.6228829297055594
2026-06-18 00:00:00-03:00,BBDC4.SA,17.23129669657749,17.426883498820306,17.006369169354183,17.084604263305664,25189700,-0.45584312808538696
2026-06-19 00:00:00-03:00,BBDC4.SA,17.1335023628202,17.201957836868772,17.01614878925709,17.084604263305664,20299600,0.0
2026-06-22 00:00:00-03:00,BBDC4.SA,17.123722499851844,17.426883251451596,17.123722499851844,17.28997230529785,21753800,1.2020649634435943
2026-06-23 00:00:00-03:00,BBDC4.SA,17.10416617608319,17.534460192696873,17.084606933220734,17.44644546508789,21980600,0.9049936982379991
2026-06-24 00:00:00-03:00,BBDC4.SA,17.368209340138,17.60291464490409,17.221518757818192,17.260635375976562,76122900,-1.0650312092692626
2026-06-25 00:00:00-03:00,BBDC4.SA,17.39754634559514,17.67136823929025,17.153061446069216,17.23129653930664,51834700,-0.16997541533584348
2026-06-26 00:00:00-03:00,BBDC4.SA,17.289973884006663,17.70070862524291,17.094385201409626,17.52467918395996,54809800,1.7026150294847442
2026-06-29 00:00:00-03:00,BBDC4.SA,17.573574459825252,17.84739822741495,17.436663508666307,17.769163131713867,18900500,1.3950837284238515
2026-06-30 00:00:00-03:00,BBDC4.SA,17.661589907175525,17.769163867697063,17.44644385140434,17.700708389282227,25467200,-0.38524460563629237
2026-07-01 00:00:00-03:00,BBDC4.SA,17.514898056575905,17.81805880977705,17.44644258313743,17.720266342163086,56556800,0.11049248680183865
2026-07-02 00:00:00-03:00,BBDC4.SA,17.934601379416936,18.04228790403545,17.670280928384418,17.77796745300293,25735800,0.32562214204732154
2026-07-03 00:00:00-03:00,BBDC4.SA,17.9150234882412,18.003130314185327,17.817128674724504,17.875865936279297,11813000,0.5506730931708947
2026-07-06 00:00:00-03:00,BBDC4.SA,17.88214874267578,17.902106954680743,17.672591323263404,17.88214874267578,35102000,0.03514686459877847
2026-07-07 00:00:00-03:00,BBDC4.SA,17.892126423519738,18.111661028128186,17.682569020799203,17.782358169555664,22292100,-0.5580457614803636
2026-07-08 00:00:00-03:00,BBDC4.SA,17.712506395116584,17.75242281607932,17.532886307423684,17.652633666992188,34277500,-0.7295123702185435
2026-07-09 00:00:00-03:00,BBDC4.SA,17.712506983015274,18.011872536893254,17.682569666299564,17.961978912353516,20018900,1.7524027926765218
2026-07-10 00:00:00-03:00,BBDC4.SA,18.351155262375478,18.83014283278601,18.281303423839734,18.82016372680664,48063400,4.777785446919225
2026-07-13 00:00:00-03:00,BBDC4.SA,18.760287814314587,18.959866113681226,18.650521462650687,18.7303524017334,24114300,-0.4772079902010562
2026-07-14 00:00:00-03:00,BBDC4.SA,18.86007687566151,18.949886919623875,18.34117482239445,18.590646743774414,53143500,-0.7458784274985364
2026-07-15 00:00:00-03:00,BBDC4.SA,18.590646318738994,18.64054184386606,18.440963549997132,18.560710906982422,22326000,-0.1610263333201023
2026-07-16 00:00:00-03:00,BBDC4.SA,18.42100644829571,18.500839293302374,18.151578209677353,18.371112823486328,19600800,-1.0215022713637945
2026-07-17 00:00:00-03:00,BBDC4.SA,18.381090216027257,18.44096294088244,18.171532824054708,18.251365661621094,55082500,-0.6518231258813345
2026-07-20 00:00:00-03:00,BBDC4.SA,18.321219198676946,18.470901976424873,18.241388256990067,18.371112823486328,12804800,0.6560997356873877
2026-07-21 00:00:00-03:00,BBDC4.SA,18.38109200705037,18.600626621790198,18.31124017069314,18.51081657409668,19403200,0.760453391978233
2026-07-22 00:00:00-03:00,BBDC4.SA,18.550733229723953,18.929929733276367,18.460923180902626,18.929929733276367,36477500,2.26415273200955
2026-07-23 00:00:00-03:00,BBDC4.SA,18.760289013031283,18.949888219212344,18.640543548415764,18.680458068847656,19179800,-1.3178689405812904
2026-07-24 00:00:00-03:00,BBDC4.SA,18.58067123542988,18.600627544436268,18.381092918806875,18.44096565246582,13967900,-1.2820478785861456
2026-07-27 00:00:00-03:00,BBDC4.SA,18.578539534471176,18.737927332197717,18.50880951420047,18.6383113861084,15130368,1.0701485885376671
2026-07-28 00:00:00-03:00,BBDC4.SA,18.87739182126449,19.08658759914895,18.648272092156812,18.698081970214844,20158531,0.32068669134368566
2026-07-29 00:00:00-03:00,BBDC4.SA,18.578539530339548,18.588501505610203,18.27968978881836,18.27968978881836,22522604,-2.2376208536413644
2026-07-30 00:00:00-03:00,BBDC4.SA,17.91110853682739,18.319536209106445,17.652104787095418,18.319536209106445,48017329,0.21798192829540763
2026-07-31 00:00:00-03:00,BBDC4.SA,18.439078439274372,18.64827231635409,18.359384536743164,18.359384536743164,25236379,0.21751821215272304
2026-08-03 00:00:00-03:00,BBDC4.SA,18.57853974482463,18.618387646367285,18.299613950624614,18.478923797607422,18993223,0.6511071252144562
2026-08-04 00:00:00-03:00,BBDC4.SA,18.79700170542216,18.806973881723525,18.049111346044043,18.168773651123047,31739183,-1.678399401833841
2026-08-05 00:00:00-03:00,BBDC4.SA,18.30002141674159,18.389923422598812,17.990360010604842,18.030315399169922,37330400,-0.762067130186117
2026-08-06 00:00:00-03:00,BBDC4.SA,17.70067513618669,17.97038115055965,17.52087303187333,17.68069839477539,58573100,-1.9390509630831332
2026-08-07 00:00:00-03:00,BBDC4.SA,17.77060043135597,17.80056649616083,17.231188401645102,17.291122436523438,26547600,-2.203396888253417
2026-08-10 00:00:00-03:00,BBDC4.SA,17.291121807949533,17.30111113094422,17.001439062177727,17.161264419555664,31144700,-0.7510097591668097
2026-08-11 00:00:00-03:00,BBDC4.SA,17.151275116550195,17.2311877953323,16.75171172263968,16.771690368652344,51847000,-2.270077783192892
2026-08-12 00:00:00-03:00,BBDC4.SA,16.861591255459548,16.88156990240859,16.651821178300498,16.721744537353516,44453700,-0.2977984341529516
2026-08-13 00:00:00-03:00,BBDC4.SA,16.71175571282522,17.01142971020203,16.541941019225632,16.64183235168457,41325600,-0.4778938315343595
2026-08-14 00:00:00-03:00,BBDC4.SA,16.5419398603842,16.641831185845277,16.33216979165765,16.521963119506836,41889000,-0.7202886656023866
2026-08-17 00:00:00-03:00,BBDC4.SA,16.472016570382724,16.521963185948398,16.16235517494982,16.20231056213379,40198100,-1.9347129336927615
2026-08-18 00:00:00-03:00,BBDC4.SA,16.23227819411957,16.342158840811845,16.03249554654607,16.102420806884766,26514900,-0.616515495527381
2026-08-19 00:00:00-03:00,BBDC4.SA,16.292213823216088,16.452039194833254,15.982552403866418,16.002531051635742,38268000,-0.6203399876763549
2026-08-20 00:00:00-03:00,BBDC4.SA,15.942595354674383,16.022508989577,15.662900966735343,15.732824325561523,36972400,-1.6854004232452313
2026-08-21 00:00:00-03:00,BBDC4.SA,15.822726620419319,16.262247333561152,15.762791631305676,16.2222900390625,41406100,3.111111542164302
2026-08-24 00:00:00-03:00,BBDC4.SA,16.072454282856942,16.501985680060855,16.042486311446655,16.25225830078125,26780200,0.18473508762688606
2026-08-25 00:00:00-03:00,BBDC4.SA,16.262246849119588,16.791667648574958,16.232278879138324,16.761701583862305,46776100,3.134599965449514
2026-08-26 00:00:00-03:00,BBDC4.SA,16.761701710846825,17.271145772776112,16.74172306404129,16.971471786499023,34729800,1.2514851286857365
2026-08-27 00:00:00-03:00,BBDC4.SA,16.821635168142183,17.02141781879736,16.781677875903725,16.911537170410156,23903200,-0.35314919556090896
2026-08-28 00:00:00-03:00,BBDC4.SA,16.9914513021803,17.13129802643298,16.851604577927628,17.06137466430664,30888800,0.8860075366694309
2026-08-31 00:00:00-03:00,BBDC4.SA,17.271146444337482,17.361046547920747,17.11131916894723,17.171255111694336,40273400,0.6440304462545621
2026-09-01 00:00:00-03:00,BBDC4.SA,17.321091276442896,17.520873943095037,17.041395924183647,17.381025314331055,45884200,1.2216358167892905
2026-09-02 00:00:00-03:00,BBDC4.SA,17.6200008392334,17.809999465942383,17.479999542236328,17.75,90113300,2.1228591466621705
2026-09-03 00:00:00-03:00,BBDC4.SA,17.959999084472656,18.1200008392334,17.649999618530273,17.790000915527344,75715700,0.22535727057657606
2026-09-04 00:00:00-03:00,BBDC4.SA,17.739999771118164,17.979999542236328,17.6299991607666,17.899999618530273,44532700,0.618317579213401
2026-03-04 00:00:00-03:00,BBAS3.SA,25.699296184370162,26.153800321716343,25.442401804084124,25.6301326751709,14597900,
2026-03-05 00:00:00-03:00,BBAS3.SA,25.44240152359009,25.620251622178476,24.6717183912285,24.70136070251465,24730900,-3.623750155441041
2026-03-06 00:00:00-03:00,BBAS3.SA,24.602555400896975,24.859449783760777,24.118408947079757,24.454347610473633,20986400,-0.9999979151588567
2026-03-09 00:00:00-03:00,BBAS3.SA,24.227097166605688,24.73100519553883,24.01960473842643,24.40494728088379,18981100,-0.2020104170298409
2026-03-10 00:00:00-03:00,BBAS3.SA,24.7705257420489,25.20527024496326,24.35554278121346,24.839689254760742,21786700,1.7813682155235933
2026-03-11 00:00:00-03:00,BBAS3.SA,24.632197932955567,25.363358005534472,24.52351133954373,25.03730010986328,16908800,0.795544795572134
2026-03-12 00:00:00-03:00,BBAS3.SA,24.85945034704262,24.94837540022441,23.881276646607287,23.94055938720703,34978900,-4.380427273882448
2026-03-13 00:00:00-03:00,BBAS3.SA,24.167813058646615,24.385186262801902,23.407012497796522,23.46629524230957,38122400,-1.981006948195585
2026-03-16 00:00:00-03:00,BBAS3.SA,23.970202172872366,24.049246456753515,23.53545766924385,23.614501953125,30930000,0.6315726845037561
2026-03-17 00:00:00-03:00,BBAS3.SA,23.6145029908427,23.901039710356198,23.36748935728877,23.387250900268555,22315500,-0.9623368441457725
2026-03-18 00:00:00-03:00,BBAS3.SA,23.31808671878113,23.555219574076133,23.130355834960938,23.130355834960938,15566500,-1.0984406264896496
2026-03-19 00:00:00-03:00,BBAS3.SA,22.853700439596285,23.446533534247298,22.61656757864877,23.229162216186523,29427500,0.4271719031500698
2026-03-20 00:00:00-03:00,BBAS3.SA,23.150115842429592,23.17975626952343,22.735132902037304,22.992027282714844,37796900,-1.020850133400164
2026-03-23 00:00:00-03:00,BBAS3.SA,23.29832438564813,23.99984404108095,23.29832438564813,23.673784255981445,23714600,2.965188605961422
2026-03-24 00:00:00-03:00,BBAS3.SA,23.54533897499651,23.673785232508653,23.12047523277535,23.367488861083984,14982000,-1.2938167873185358
2026-03-25 00:00:00-03:00,BBAS3.SA,23.525575928861628,24.02948392455303,23.446531648237347,23.574979782104492,20200600,0.8879470201270223
2026-03-26 00:00:00-03:00,BBAS3.SA,23.298325156681624,23.51569646937729,22.64620933403022,22.784536361694336,28327000,-3.3528911910676307
2026-03-27 00:00:00-03:00,BBAS3.SA,22.715372558663788,22.715372558663788,22.25098762558624,22.389314651489258,16957900,-1.7346050142566405
2026-03-30 00:00:00-03:00,BBAS3.SA,22.626446817500714,22.79441615153177,22.05337530455316,22.13241958618164,23669500,-1.1474003081667794
2026-03-31 00:00:00-03:00,BBAS3.SA,22.448598113591444,22.942625375740096,22.181824824300154,22.72525405883789,25610100,2.6785795847932725
2026-04-01 00:00:00-03:00,BBAS3.SA,22.932743859785344,23.515696160959024,22.85369957579049,23.347726821899414,22064800,2.7391234502808226
2026-04-02 00:00:00-03:00,BBAS3.SA,22.804297433174806,23.24892270514834,22.527641498995237,23.110593795776367,16378700,-1.0156578750982415
2026-04-06 00:00:00-03:00,BBAS3.SA,23.120475559885897,23.397131505948916,23.001910071976354,23.150117874145508,11198800,0.1710214749063077
2026-04-07 00:00:00-03:00,BBAS3.SA,23.00190937129016,23.209399911093488,22.754895747011304,23.159997940063477,13760900,0.042678253180739034
2026-04-08 00:00:00-03:00,BBAS3.SA,24.138169807581498,24.503748888010982,23.861513891246663,24.197452545166016,40278600,4.479510783150342
2026-04-09 00:00:00-03:00,BBAS3.SA,24.27649771369285,24.592674838490254,24.078887952976636,24.424705505371094,16299100,0.9391606814018738
2026-04-10 00:00:00-03:00,BBAS3.SA,24.553154848554165,24.750764618995728,24.414825936224215,24.434587478637695,22773400,0.04045892493740322
2026-04-13 00:00:00-03:00,BBAS3.SA,24.276497508139897,24.533391891003703,24.138170488353353,24.454347610473633,29435700,0.08086951274790533
2026-04-14 00:00:00-03:00,BBAS3.SA,24.503750748549525,25.18550887851138,24.454348777572104,25.07682228088379,28487700,2.5454560486559696
2026-04-15 00:00:00-03:00,BBAS3.SA,24.740884264982753,24.987897876807754,24.009722315564172,24.10852813720703,36240900,-3.8613111854084226
2026-04-16 00:00:00-03:00,BBAS3.SA,24.187573297403386,24.365423405916765,23.6441440854475,23.98996353149414,20801800,-0.49179528936031947
2026-04-17 00:00:00-03:00,BBAS3.SA,24.28637823925132,24.602555360857032,24.009722315564172,24.10852813720703,22413600,0.49422586890237596
2026-04-20 00:00:00-03:00,BBAS3.SA,24.108529014126812,24.23697715230397,23.89115770625733,23.98996353149414,13669600,-0.49179528936031947
2026-04-22 00:00:00-03:00,BBAS3.SA,23.851635899647682,23.851635899647682,23.080954567570412,23.12047576904297,25207400,-3.624381343096683
2026-04-23 00:00:00-03:00,BBAS3.SA,23.08095429064554,23.169879348597455,22.596807799887596,22.72525405883789,24573300,-1.7094012863448804
2026-04-24 00:00:00-03:00,BBAS3.SA,22.784537081454637,22.81417939598952,22.330032899306595,22.4288387298584,20235200,-1.3043433011223682
2026-04-27 00:00:00-03:00,BBAS3.SA,22.44859656451874,22.646208209567725,22.241106033325195,22.241106033325195,15576900,-0.8370147861613719
2026-04-28 00:00:00-03:00,BBAS3.SA,22.162063444245003,22.389315534206528,21.984213327035306,22.270750045776367,11919500,0.13328479441065966
2026-04-29 00:00:00-03:00,BBAS3.SA,21.826124383916085,21.855766697804935,21.40126064099805,21.45066261291504,33020900,-3.6823521038837126
2026-04-30 00:00:00-03:00,BBAS3.SA,21.63839244005139,22.053375391375745,21.63839244005139,21.94468879699707,16978900,2.3030812287569535
2026-05-04 00:00:00-03:00,BBAS3.SA,21.944689057671287,22.0928987370625,21.579109956069335,21.648273468017578,12949300,-1.3507383573379883
2026-05-05 00:00:00-03:00,BBAS3.SA,21.70755741411419,21.905169074563165,21.648274669805286,21.65815544128418,11722300,0.04564785862115617
2026-05-06 00:00:00-03:00,BBAS3.SA,21.9051679773751,22.33003170686466,21.80636215209961,21.80636215209961,15301600,0.6842997835952547
2026-05-07 00:00:00-03:00,BBAS3.SA,21.796481588136984,21.85576621460398,21.4309024810791,21.4309024810791,19233100,-1.7217895786636572
2026-05-08 00:00:00-03:00,BBAS3.SA,21.6482736172932,21.905168009561198,21.490185050445874,21.539587020874023,22432400,0.5071393511816735
2026-05-11 00:00:00-03:00,BBAS3.SA,21.509945935244236,21.58899021625284,21.28269386291504,21.28269386291504,19018400,-1.1926559116942625
2026-05-12 00:00:00-03:00,BBAS3.SA,21.332098058944037,21.509948180922354,21.065322875976562,21.065322875976562,18272200,-1.0213509076369531
2026-05-13 00:00:00-03:00,BBAS3.SA,21.07520326810031,21.1937706421384,20.472489395488598,20.512012481689453,31119200,-2.626640937548219
2026-05-14 00:00:00-03:00,BBAS3.SA,19.761090804953483,20.838070404588606,19.50419639834135,20.512012481689453,69887800,0.0
2026-05-15 00:00:00-03:00,BBAS3.SA,20.304518593415086,20.47248792860452,20.05750497605206,20.452728271484375,35294300,-0.28902190976141107
2026-05-18 00:00:00-03:00,BBAS3.SA,20.45272901427805,20.551532957160106,20.008103733051147,20.17607307434082,21577400,-1.3526566894709768
2026-05-19 00:00:00-03:00,BBAS3.SA,19.94882108472945,20.274878997649346,19.830253714320204,19.98834228515625,36742400,-0.9304624764831959
2026-05-20 00:00:00-03:00,BBAS3.SA,20.156310799910138,20.53177255365797,20.067385746894303,20.452728271484375,38517100,2.323284140841375
2026-05-21 00:00:00-03:00,BBAS3.SA,20.373685011479793,20.798546871625916,20.23535609731264,20.5712947845459,21652100,0.5797100097732821
2026-05-22 00:00:00-03:00,BBAS3.SA,20.581174701963626,20.719501725827108,20.35392262431238,20.689861297607422,14910500,0.5763687424799047
2026-05-25 00:00:00-03:00,BBAS3.SA,20.887470408543418,21.41113994394731,20.877589637924743,21.39137840270996,15414500,3.390632228083912
2026-05-26 00:00:00-03:00,BBAS3.SA,21.332095731426744,21.381497700112977,20.847949276957316,20.857830047607422,22798700,-2.494221480533232
2026-05-27 00:00:00-03:00,BBAS3.SA,21.183888868391513,21.24317161032369,20.818307876586914,20.818307876586914,13716500,-0.18948361804799196
2026-05-28 00:00:00-03:00,BBAS3.SA,20.808427258124407,20.926994627422786,20.36380386352539,20.36380386352539,19444000,-2.183193829949437
2026-05-29 00:00:00-03:00,BBAS3.SA,20.42308757307826,20.45272988794774,20.03774690259747,20.057506561279297,60512500,-1.5041261657146365
2026-06-01 00:00:00-03:00,BBAS3.SA,20.264997390296443,20.30451858909266,19.810491354471772,19.840133666992188,50279700,-1.0837483394209313
2026-06-02 00:00:00-03:00,BBAS3.SA,20.04040109621975,20.080204195310014,19.791637420654297,19.791637420654297,19384600,-0.2444350786737548
2026-06-03 00:00:00-03:00,BBAS3.SA,19.672231165569713,19.771737011567055,19.363762853186337,19.43341827392578,27323000,-1.809952047498009
2026-06-05 00:00:00-03:00,BBAS3.SA,19.503071011876745,19.552822983915146,19.075197219848633,19.075197219848633,51227600,-1.8433249829124532
2026-06-08 00:00:00-03:00,BBAS3.SA,19.075198186023787,19.24435755660492,19.005544662475586,19.005544662475586,15329800,-0.365147246292008
2026-06-09 00:00:00-03:00,BBAS3.SA,19.1349007975413,19.373713689954123,18.945841777245416,19.01549530029297,18242900,0.05235649908539308
2026-06-10 00:00:00-03:00,BBAS3.SA,19.025445676969913,19.08514842434593,18.776682015334366,18.906038284301758,18849900,-0.575620115398856
2026-06-11 00:00:00-03:00,BBAS3.SA,18.975691887013255,19.463268438153364,18.816483294719184,19.314010620117188,32600200,2.1578943704677833
2026-06-12 00:00:00-03:00,BBAS3.SA,19.204553315248013,19.56277358407282,19.124949021944285,19.36376190185547,13773000,0.2575916660543909
2026-06-15 00:00:00-03:00,BBAS3.SA,19.8015874513157,19.871240974189966,19.23440659600679,19.294109344482422,16495300,-0.35970571072955204
2026-06-16 00:00:00-03:00,BBAS3.SA,19.25430800857481,19.32396153095626,19.114999065895773,19.304059982299805,25391100,0.05157344990494028
2026-06-17 00:00:00-03:00,BBAS3.SA,19.503071535184944,19.70208132659447,19.264258646743837,19.314010620117188,14117900,0.051546865408136355
2026-06-18 00:00:00-03:00,BBAS3.SA,19.32396165353709,19.602577642746418,19.20455425875705,19.43341827392578,23842500,0.6182436996499341
2026-06-19 00:00:00-03:00,BBAS3.SA,19.423467101894815,19.532921822126582,19.32396125793457,19.32396125793457,13185600,-0.5632411881859811
2026-06-22 00:00:00-03:00,BBAS3.SA,19.3836637132025,19.6523289184739,19.363762165126968,19.483169555664062,18434100,0.8238905864299539
2026-06-23 00:00:00-03:00,BBAS3.SA,19.39361445998657,19.80158670538119,19.23440587143823,19.76178550720215,18028200,1.4300340134189682
2026-06-24 00:00:00-03:00,BBAS3.SA,19.612525667657586,19.960795164568555,19.58267524369578,19.632427215576172,16362000,-0.6545880764611711
2026-06-25 00:00:00-03:00,BBAS3.SA,19.791637120271545,20.14985741498219,19.731934370458504,19.95084571838379,15674300,1.6219008445119254
2026-06-26 00:00:00-03:00,BBAS3.SA,19.9508455400427,20.348868929681565,19.871241241698165,20.239412307739258,18097300,1.4463877543274606
2026-06-29 00:00:00-03:00,BBAS3.SA,20.23941150036924,20.30906502140264,20.010549388997752,20.159807205200195,17442900,-0.39331726301471415
2026-06-30 00:00:00-03:00,BBAS3.SA,20.07025314305015,20.07025314305015,19.672231647231634,19.811538696289062,17204700,-1.7275388864894325
2026-07-01 00:00:00-03:00,BBAS3.SA,19.66227953745405,19.891141644769576,19.463267854100334,19.632427215576172,16785700,-0.9040765760735203
2026-07-02 00:00:00-03:00,BBAS3.SA,19.741883940895786,19.920994077326032,19.592626126509277,19.901092529296875,29242600,1.36847731954175
2026-07-03 00:00:00-03:00,BBAS3.SA,20.05035061839545,20.179708784441235,19.88119125366211,19.88119125366211,8243200,-0.10000092007746986
2026-07-06 00:00:00-03:00,BBAS3.SA,19.731934424169893,19.771737522764397,19.522973850297348,19.672231674194336,15149200,-1.0510415437469445
2026-07-07 00:00:00-03:00,BBAS3.SA,19.682181085372637,20.000598260405727,19.62247644161688,19.632427215576172,16218300,-0.2023382973390775
2026-07-08 00:00:00-03:00,BBAS3.SA,19.602577642746418,19.602577642746418,19.31401087914574,19.43341827392578,22487500,-1.013674669286424
2026-07-09 00:00:00-03:00,BBAS3.SA,19.47321873625042,19.960795275468264,19.41351599007903,19.901092529296875,30913000,2.4065465415242127
2026-07-10 00:00:00-03:00,BBAS3.SA,20.199609707969884,20.567780783094424,20.149857731995645,20.478225708007812,24372700,2.9000075139660186
2026-07-13 00:00:00-03:00,BBAS3.SA,20.43842346392749,20.567779733609758,20.090153956129818,20.13990592956543,14138400,-1.6520951730211952
2026-07-14 00:00:00-03:00,BBAS3.SA,20.239412671784496,20.53792832146685,20.199609572938204,20.488176345825195,15228800,1.7292554269009885
2026-07-15 00:00:00-03:00,BBAS3.SA,20.378718366774038,20.627482024272496,20.32896639444078,20.44837188720703,14771700,-0.1942801445394382
2026-07-16 00:00:00-03:00,BBAS3.SA,20.378719289113857,20.71703803045734,20.348868863529308,20.65733528137207,15332600,1.0219072467856138
2026-07-17 00:00:00-03:00,BBAS3.SA,20.547878563073525,20.726988707402494,20.159807848971536,20.388669967651367,35729100,-1.3005806899158645
2026-07-20 00:00:00-03:00,BBAS3.SA,20.438424446225547,20.438424446225547,20.030450273198,20.070253372192383,15081500,-1.56173304077305
2026-07-21 00:00:00-03:00,BBAS3.SA,20.050351561879424,20.77674102783203,19.98069803746153,20.77674102783203,25335900,3.5200734267684775
2026-07-22 00:00:00-03:00,BBAS3.SA,20.85634434858327,21.02550371334195,20.617531462673856,20.985702514648438,19261100,1.0057471791966144
2026-07-23 00:00:00-03:00,BBAS3.SA,20.935950836218556,20.975752035471785,20.677236398366105,20.826494216918945,18426000,-0.7586512656336475
2026-07-24 00:00:00-03:00,BBAS3.SA,20.697136409002912,20.717037957933723,20.24936294555664,20.24936294555664,14443400,-2.771139805630163
2026-07-27 00:00:00-03:00,BBAS3.SA,20.35881750792174,20.567779974211234,20.319016308290884,20.39862060546875,11104800,0.7370980524839643
2026-07-28 00:00:00-03:00,BBAS3.SA,20.82649368119277,20.906097975567672,20.47822418158403,20.726987838745117,11362200,1.609752147595378
2026-07-29 00:00:00-03:00,BBAS3.SA,20.64738423390078,20.955850647665425,20.358817470957355,20.677236557006836,14713900,-0.24003141279063112
2026-07-30 00:00:00-03:00,BBAS3.SA,20.806592903239576,21.09515966722695,20.67723663181099,21.085208892822266,15920200,1.9730505799972597
2026-07-31 00:00:00-03:00,BBAS3.SA,21.14491134581177,21.25436796481737,20.95585043059741,21.244417190551758,28502900,0.7550710004285976
2026-08-03 00:00:00-03:00,BBAS3.SA,21.294170271711284,21.473280421977556,21.06530814544493,21.164813995361328,8365700,-0.37470171328508606
2026-08-04 00:00:00-03:00,BBAS3.SA,21.37377462184132,21.48323124679591,20.846396842513723,20.886198043823242,11147700,-1.3164110565731857
2026-08-05 00:00:00-03:00,BBAS3.SA,21.055356583989035,21.33397257376202,20.91604953806062,20.945899963378906,13598000,0.28584388326873267
2026-08-06 00:00:00-03:00,BBAS3.SA,20.896147127676954,20.896147127676954,20.100104186741408,20.17970848083496,22892100,-3.6579544630859884
2026-08-07 00:00:00-03:00,BBAS3.SA,20.28916432479668,20.299115099350022,19.85134163194679,19.960796356201172,17314900,-1.0848131173039177
2026-08-10 00:00:00-03:00,BBAS3.SA,19.960796776469987,20.090154950470833,19.8811924762834,19.930946350097656,14169300,-0.14954316236106546
2026-08-11 00:00:00-03:00,BBAS3.SA,19.901092896877635,20.01054951514362,19.144851139046352,19.184654235839844,17787900,-3.7443887568045953
2026-08-12 00:00:00-03:00,BBAS3.SA,19.294108989120055,19.34386286019684,18.906038284301758,18.906038284301758,28382600,-1.4522854991964818
2026-08-13 00:00:00-03:00,BBAS3.SA,18.806531834185648,19.075197035596485,18.090093195006137,18.119943618774414,60899800,-4.157902643093991
2026-08-14 00:00:00-03:00,BBAS3.SA,18.109996210793557,18.289104461669922,17.71197281440285,18.289104461669922,43600700,0.9335616404470226
2026-08-17 00:00:00-03:00,BBAS3.SA,18.309006237162954,18.388610537840854,17.86123275756836,17.86123275756836,26523400,-2.339489639846992
2026-08-18 00:00:00-03:00,BBAS3.SA,17.920933737788047,17.950786059311067,17.702022407034026,17.711971282958984,25321900,-0.8356728599605123
2026-08-19 00:00:00-03:00,BBAS3.SA,18.010490691613036,18.179650068802896,17.930886390459943,17.990589141845703,28220200,1.573048275856137
2026-08-20 00:00:00-03:00,BBAS3.SA,17.970686240931084,18.139845605402492,17.83137919886619,17.950786590576172,81890700,-0.2212409552333705
2026-08-21 00:00:00-03:00,BBAS3.SA,18.11994441132871,18.677176386312897,17.9408361671368,18.338857650756836,46529700,2.161861031674195
2026-08-24 00:00:00-03:00,BBAS3.SA,18.199550180941543,18.76673101909382,18.07019201558844,18.50801658630371,22663400,0.9224071573503689
2026-08-25 00:00:00-03:00,BBAS3.SA,18.557768577045408,19.532921664574822,18.517967378532013,19.47321891784668,35300700,5.215050067856741
2026-08-26 00:00:00-03:00,BBAS3.SA,19.453318061576184,19.930945746138583,19.27420981502097,19.4234676361084,36549300,-0.2554856592953181
2026-08-27 00:00:00-03:00,BBAS3.SA,19.294108996544804,20.04039998173864,19.224455474926625,19.871240615844727,26323500,2.3053194626479367
2026-08-28 00:00:00-03:00,BBAS3.SA,19.990649072119837,20.28916472291283,19.781686598231765,20.070253372192383,21651300,1.0015114818194615
2026-08-31 00:00:00-03:00,BBAS3.SA,20.309066034544465,20.906099227054046,20.249363284668366,20.637434005737305,45063300,2.825976448960832
2026-09-01 00:00:00-03:00,BBAS3.SA,20.796641850358316,21.32402149924779,20.726988328374375,21.1051082611084,30326100,2.2661453707911505
2026-09-02 00:00:00-03:00,BBAS3.SA,21.260000228881836,22.670000076293945,21.100000381469727,22.260000228881836,54300800,5.4720968662436364
2026-09-03 00:00:00-03:00,BBAS3.SA,22.56999969482422,22.969999313354492,22.0,22.450000762939453,40886400,0.8535513571607867
2026-09-04 00:00:00-03:00,BBAS3.SA,22.31999969482422,22.729999542236328,22.110000610351562,22.520000457763672,26784000,0.31180263895480564
2026-03-04 00:00:00-03:00,WEGE3.SA,47.78468668998622,48.00370105254275,46.60997950505054,47.127647399902344,6449100,
2026-03-05 00:00:00-03:00,WEGE3.SA,46.88871915348937,47.257062156303625,46.27150138842763,46.50046920776367,7897500,-1.3308073429100786
2026-03-06 00:00:00-03:00,WEGE3.SA,46.390966485375735,47.137602236519676,45.972852287576316,46.4108772277832,5517900,-0.19266898056484738
2026-03-09 00:00:00-03:00,WEGE3.SA,46.33123412159378,47.0280948563391,45.66423759913089,46.371055603027344,5742300,-0.08580235310015061
2026-03-10 00:00:00-03:00,WEGE3.SA,46.80908165686705,47.734910236239095,45.99276025533683,46.97831726074219,5655000,1.3095704849022116
2026-03-11 00:00:00-03:00,WEGE3.SA,46.78916889644993,47.366568973757765,46.39096168468002,46.669708251953125,3420400,-0.6569179714892681
2026-03-12 00:00:00-03:00,WEGE3.SA,46.520381645083994,46.59006734057215,44.877785368824505,45.614463806152344,7215300,-2.2610907274240755
2026-03-13 00:00:00-03:00,WEGE3.SA,46.29141613023431,46.67966610951933,45.70406252635586,46.002716064453125,4406200,0.8511604125190031
2026-03-16 00:00:00-03:00,WEGE3.SA,47.00818683007662,47.00818683007662,45.3556332310133,45.7637939453125,5913000,-0.5193652453169939
2026-03-17 00:00:00-03:00,WEGE3.SA,45.634377747311525,47.05796356511127,45.53482783180091,45.99276351928711,5780200,0.5003290903901503
2026-03-18 00:00:00-03:00,WEGE3.SA,45.94298842204475,46.54029550846667,45.723974051483324,45.95294189453125,5688200,-0.08658237015733983
2026-03-19 00:00:00-03:00,WEGE3.SA,44.79814405439845,46.60997979901393,44.7483690982996,46.381011962890625,5299300,0.9315400727593515
2026-03-20 00:00:00-03:00,WEGE3.SA,46.2914162337782,46.32128044837899,45.2361696793827,45.75383758544922,10234300,-1.352222279977866
2026-03-23 00:00:00-03:00,WEGE3.SA,46.41243170011726,47.69944973098251,46.17298498042371,47.140743255615234,5584500,3.031233538773326
2026-03-24 00:00:00-03:00,WEGE3.SA,47.140744137686696,47.49991232100932,46.41243256856095,47.34028244018555,5779900,0.4232839170318803
2026-03-25 00:00:00-03:00,WEGE3.SA,48.16835931582246,48.856766241398084,47.55976923037935,48.0685920715332,8453500,1.5384564557000102
2026-03-26 00:00:00-03:00,WEGE3.SA,47.679494228177525,48.238196882524804,47.19062559974726,47.410118103027344,4612800,-1.3698632311217929
2026-03-27 00:00:00-03:00,WEGE3.SA,47.430073542317714,47.569749209524865,46.811504436291045,47.30037307739258,3314900,-0.23148017770442397
2026-03-30 00:00:00-03:00,WEGE3.SA,48.64725031312051,49.644938007700205,48.268131729411316,48.936580657958984,8682700,3.4591853596783517
2026-03-31 00:00:00-03:00,WEGE3.SA,49.455378964769665,51.23126185217961,49.305724287478846,50.89204788208008,11795500,3.9959212471112115
2026-04-01 00:00:00-03:00,WEGE3.SA,51.251216062876814,51.530571206761245,50.6326507547694,50.89204788208008,12831600,0.0
2026-04-02 00:00:00-03:00,WEGE3.SA,49.38553997754856,51.37094012799928,49.28577273226773,50.193668365478516,7547300,-1.3722763096893797
2026-04-06 00:00:00-03:00,WEGE3.SA,50.193668019223416,50.79227909853186,49.95422130397419,50.50294876098633,2617700,0.6161741223132511
2026-04-07 00:00:00-03:00,WEGE3.SA,50.11385188431384,50.62267473417762,49.42544875283066,50.53288269042969,3983500,0.05927164685972652
2026-04-08 00:00:00-03:00,WEGE3.SA,52.11920647973068,52.77768020137379,51.79994291826216,52.647979736328125,10118800,4.185585569807615
2026-04-09 00:00:00-03:00,WEGE3.SA,52.42848851334919,52.74774827677341,51.779993783964755,52.378604888916016,6218000,-0.511652771409643
2026-04-10 00:00:00-03:00,WEGE3.SA,52.37860238382505,53.2166601742013,52.18904309769433,52.75772476196289,6331700,0.723806741036559
2026-04-13 00:00:00-03:00,WEGE3.SA,52.647981687280776,52.75772794593419,51.91967010498047,51.91967010498047,5536700,-1.5884965865446854
2026-04-14 00:00:00-03:00,WEGE3.SA,52.16908872891482,52.22894755283896,50.47301894333033,51.779991149902344,11897600,-0.26902897263348935
2026-04-15 00:00:00-03:00,WEGE3.SA,51.779991296884845,51.979525785033566,49.19598009424432,49.84447479248047,14915400,-3.7379619317017276
2026-04-16 00:00:00-03:00,WEGE3.SA,50.08392302647488,50.13380665002597,48.04863921622764,48.2880859375,10979400,-3.1224902287771084
2026-04-17 00:00:00-03:00,WEGE3.SA,48.986462505094565,49.83449929826048,48.48761867589451,48.537506103515625,9369900,0.5165252694804501
2026-04-20 00:00:00-03:00,WEGE3.SA,48.63727699305541,48.906653137722145,48.128457923713796,48.36790084838867,4448400,-0.34943133412177474
2026-04-22 00:00:00-03:00,WEGE3.SA,48.16835891089288,48.81685741095061,46.5121975508296,47.08087921142578,10210700,-2.6609003375960394
2026-04-23 00:00:00-03:00,WEGE3.SA,47.35025804196303,48.936581661097456,47.19062815979313,48.16836166381836,10526700,2.3098176385131453
2026-04-24 00:00:00-03:00,WEGE3.SA,48.51755483192884,48.51755483192884,47.26046617492301,47.68947219848633,5113600,-0.9941991979597442
2026-04-27 00:00:00-03:00,WEGE3.SA,47.76928676257256,48.397827255195836,47.509885836770465,48.07856750488281,5188300,0.8158935053360405
2026-04-28 00:00:00-03:00,WEGE3.SA,47.58970442639833,47.88900997758291,46.90129747220957,47.1806526184082,6446500,-1.8675990843184276
2026-04-29 00:00:00-03:00,WEGE3.SA,45.91359024092827,46.68181025725651,43.79849329826099,43.99802780151367,18546300,-6.74561423012785
2026-04-30 00:00:00-03:00,WEGE3.SA,44.217519084498036,45.354882467061024,43.99802657001164,44.75627136230469,11343400,1.7233580655288572
2026-05-04 00:00:00-03:00,WEGE3.SA,44.81612989477721,45.0156681970104,43.92818844600993,44.25742721557617,7037600,-1.114579323845688
2026-05-05 00:00:00-03:00,WEGE3.SA,44.16763499049119,44.636549427953334,43.36948559067647,43.43932342529297,7527400,-1.8485118583560056
2026-05-06 00:00:00-03:00,WEGE3.SA,43.968095252426046,45.2451342504028,43.89825742009147,44.836082458496094,6614900,3.2154253866436777
2026-05-07 00:00:00-03:00,WEGE3.SA,44.66647783828879,44.945829170483,44.207542419433594,44.207542419433594,4182700,-1.4018620820503869
2026-05-08 00:00:00-03:00,WEGE3.SA,44.70638796520919,46.46231667239908,44.60661690999143,45.41474533081055,10953200,2.7307623208800313
2026-05-11 00:00:00-03:00,WEGE3.SA,45.015667295492044,45.17529717290641,43.918212364002855,44.05788803100586,6362800,-2.9877020996618042
2026-05-12 00:00:00-03:00,WEGE3.SA,43.90823435011814,44.01798060692746,42.94047986145066,43.289669036865234,7511100,-1.7436582379981247
2026-05-13 00:00:00-03:00,WEGE3.SA,43.27969195803174,43.399413412143986,42.092441201340925,43.20985412597656,9255500,-0.18437403811218944
2026-05-14 00:00:00-03:00,WEGE3.SA,43.758583599020646,44.36717371147091,43.47923225791295,43.6189079284668,7130800,0.9466678626075753
2026-05-15 00:00:00-03:00,WEGE3.SA,43.030269622802734,43.399412989481675,42.730964087498826,43.030269622802734,5283900,-1.3495026208116045
2026-05-18 00:00:00-03:00,WEGE3.SA,43.16994578148015,43.16994578148015,41.91285719053564,42.242095947265625,6993100,-1.831672639855919
2026-05-19 00:00:00-03:00,WEGE3.SA,42.092444331563385,42.32191205479149,41.414016364681736,41.72330093383789,6814600,-1.2281469510305287
2026-05-20 00:00:00-03:00,WEGE3.SA,42.15230572369409,42.80080425717848,41.713324501657574,42.481544494628906,6975500,1.8173144114205897
2026-05-21 00:00:00-03:00,WEGE3.SA,42.022606477017696,42.730967663769135,41.83304717683164,42.37179946899414,3527300,-0.25833577131039176
2026-05-22 00:00:00-03:00,WEGE3.SA,42.04255917168743,43.16994734108486,41.95276712623318,42.631195068359375,4827600,0.6121892452432887
2026-05-25 00:00:00-03:00,WEGE3.SA,43.169945705980346,43.41936762214209,42.90056957982049,43.20985412597656,2514500,1.357360629204285
2026-05-26 00:00:00-03:00,WEGE3.SA,42.900572599776865,43.33955383300781,42.5613586176831,43.33955383300781,3932200,0.30016233485332666
2026-05-27 00:00:00-03:00,WEGE3.SA,44.077844674833074,44.257428772573135,43.299649455210606,43.34953308105469,3920700,0.023025728611147933
2026-05-28 00:00:00-03:00,WEGE3.SA,43.78851301246031,43.898259269574496,43.17992290001004,43.6189079284668,4259200,0.621401958144352
2026-05-29 00:00:00-03:00,WEGE3.SA,43.499183931628586,44.197566110643045,43.00034006174351,43.99802780151367,25788200,0.8691640645121623
2026-06-01 00:00:00-03:00,WEGE3.SA,44.44698504690889,44.75626959548695,42.74094004041297,42.900569915771484,10985100,-2.4943342703747984
2026-06-02 00:00:00-03:00,WEGE3.SA,42.7808478267131,43.25973744569153,41.5337382546204,41.90288162231445,9991100,-2.3255828428755954
2026-06-03 00:00:00-03:00,WEGE3.SA,41.50380747763256,42.35184432005241,41.194526721326405,41.68339157104492,6573100,-0.5238065802917191
2026-06-05 00:00:00-03:00,WEGE3.SA,41.823067931829065,42.56135852868104,41.42399512223818,42.361820220947266,10064100,1.6275754547132593
2026-06-08 00:00:00-03:00,WEGE3.SA,42.45161030252182,44.25742638533517,42.22214259131513,43.898258209228516,9657900,3.626940438979309
2026-06-09 00:00:00-03:00,WEGE3.SA,43.98804976618736,44.0678628011737,42.68107754113245,43.22980880737305,9564900,-1.5227242016516818
2026-06-10 00:00:00-03:00,WEGE3.SA,43.030271311618264,43.120063356321154,41.97272098577048,42.2919807434082,7939100,-2.1694013687261426
2026-06-11 00:00:00-03:00,WEGE3.SA,42.01262847066137,42.69105639199138,41.58362246729455,42.252071380615234,9103200,-0.09436626540408888
2026-06-12 00:00:00-03:00,WEGE3.SA,41.76320881495289,43.13003993378515,41.76320881495289,42.511474609375,5024100,0.6139420394872586
2026-06-15 00:00:00-03:00,WEGE3.SA,43.1699485267073,43.85835169017852,42.351844892711945,42.68107986450195,6230000,0.398963472063496
2026-06-16 00:00:00-03:00,WEGE3.SA,42.68107723252777,42.97040756974874,42.08246615389085,42.73096466064453,5226700,0.11687800847810514
2026-06-17 00:00:00-03:00,WEGE3.SA,42.52144727390308,44.287354900035766,42.501493063871045,43.6987190246582,9704200,2.2647613310377235
2026-06-18 00:00:00-03:00,WEGE3.SA,43.70869946169277,46.12310186636294,43.70869946169277,45.70407485961914,16176500,4.589049472661566
2026-06-19 00:00:00-03:00,WEGE3.SA,45.943517767432766,46.093172444599695,44.74629176772696,45.05557632446289,10422100,-1.4189074762986142
2026-06-22 00:00:00-03:00,WEGE3.SA,45.02000045776367,45.79999923706055,44.61000061035156,45.25,5109100,0.43151967280805614
2026-06-23 00:00:00-03:00,WEGE3.SA,44.959999084472656,46.13999938964844,44.43000030517578,45.709999084472656,8107300,1.0165725623705102
2026-06-24 00:00:00-03:00,WEGE3.SA,45.529998779296875,46.61000061035156,45.380001068115234,46.61000061035156,9621200,1.9689379652265915
2026-06-25 00:00:00-03:00,WEGE3.SA,46.88999938964844,47.369998931884766,46.22999954223633,46.5,7163600,-0.23600216458081746
2026-06-26 00:00:00-03:00,WEGE3.SA,46.599998474121094,47.31999969482422,46.18000030517578,46.900001525878906,6014600,0.8602183352234505
2026-06-29 00:00:00-03:00,WEGE3.SA,46.900001525878906,46.900001525878906,46.0099983215332,46.790000915527344,3248800,-0.23454287158363174
2026-06-30 00:00:00-03:00,WEGE3.SA,46.25,47.13999938964844,46.18000030517578,46.90999984741211,6927400,0.25646276883262153
2026-07-01 00:00:00-03:00,WEGE3.SA,46.90999984741211,47.130001068115234,46.099998474121094,46.2599983215332,4539000,-1.3856353186809112
2026-07-02 00:00:00-03:00,WEGE3.SA,46.400001525878906,46.45000076293945,45.90999984741211,46.2599983215332,7406500,0.0
2026-07-03 00:00:00-03:00,WEGE3.SA,46.29999923706055,46.900001525878906,46.27000045776367,46.47999954223633,2348100,0.4755755051567334
2026-07-06 00:00:00-03:00,WEGE3.SA,46.20000076293945,46.54999923706055,45.77000045776367,46.2599983215332,3598900,-0.4733244898232236
2026-07-07 00:00:00-03:00,WEGE3.SA,46.25,46.43000030517578,45.7599983215332,45.869998931884766,4428600,-0.8430596709877114
2026-07-08 00:00:00-03:00,WEGE3.SA,45.70000076293945,45.97999954223633,45.119998931884766,45.349998474121094,3293300,-1.1336395680668132
2026-07-09 00:00:00-03:00,WEGE3.SA,45.5099983215332,45.939998626708984,45.15999984741211,45.7400016784668,4324900,0.8599850440309531
2026-07-10 00:00:00-03:00,WEGE3.SA,46.79999923706055,46.79999923706055,46.11000061035156,46.5099983215332,7150700,1.6834206707712074
2026-07-13 00:00:00-03:00,WEGE3.SA,46.4900016784668,46.4900016784668,44.189998626708984,44.38999938964844,10194000,-4.558157403551766
2026-07-14 00:00:00-03:00,WEGE3.SA,44.619998931884766,44.779998779296875,44.150001525878906,44.20000076293945,6736400,-0.4280212419946361
2026-07-15 00:00:00-03:00,WEGE3.SA,44.209999084472656,44.369998931884766,43.209999084472656,44.2599983215332,7916900,0.1357410804482484
2026-07-16 00:00:00-03:00,WEGE3.SA,44.06999969482422,44.349998474121094,43.119998931884766,43.4900016784668,5658700,-1.73971231872323
2026-07-17 00:00:00-03:00,WEGE3.SA,43.29999923706055,44.02000045776367,43.150001525878906,43.630001068115234,8201000,0.32191166761383894
2026-07-20 00:00:00-03:00,WEGE3.SA,43.630001068115234,43.790000915527344,43.02000045776367,43.130001068115234,3975400,-1.1460004303447069
2026-07-21 00:00:00-03:00,WEGE3.SA,43.09000015258789,43.34000015258789,42.459999084472656,42.470001220703125,8949800,-1.5302569697825175
2026-07-22 00:00:00-03:00,WEGE3.SA,44.79999923706055,47.060001373291016,44.79999923706055,46.7400016784668,34084500,10.054156663603164
2026-07-23 00:00:00-03:00,WEGE3.SA,46.43000030517578,46.86000061035156,44.68000030517578,45.66999816894531,13598900,-2.2892671610973414
2026-07-24 00:00:00-03:00,WEGE3.SA,45.41999816894531,46.189998626708984,44.939998626708984,45.9900016784668,7721100,0.7006864951859759
2026-07-27 00:00:00-03:00,WEGE3.SA,48.04999923706055,48.4900016784668,45.470001220703125,46.400001525878906,12593500,0.8914977874507901
2026-07-28 00:00:00-03:00,WEGE3.SA,47.04999923706055,47.56999969482422,46.209999084472656,46.70000076293945,10923600,0.6465500586098516
2026-07-29 00:00:00-03:00,WEGE3.SA,46.61000061035156,46.68000030517578,45.33000183105469,45.63999938964844,6456400,-2.2698101840979423
2026-07-30 00:00:00-03:00,WEGE3.SA,45.91999816894531,46.959999084472656,45.810001373291016,46.81999969482422,7612900,2.585452061691784
2026-07-31 00:00:00-03:00,WEGE3.SA,47.0,47.77000045776367,46.90999984741211,47.20000076293945,5153000,0.8116212528665123
2026-08-03 00:00:00-03:00,WEGE3.SA,47.900001525878906,48.630001068115234,47.27000045776367,48.20000076293945,6927700,2.1186440335509094
2026-08-04 00:00:00-03:00,WEGE3.SA,48.900001525878906,49.16999816894531,48.369998931884766,49.16999816894531,6265600,2.0124427191953176
2026-08-05 00:00:00-03:00,WEGE3.SA,49.18000030517578,49.959999084472656,48.79999923706055,48.79999923706055,5897400,-0.7524892122498517
2026-08-06 00:00:00-03:00,WEGE3.SA,48.79999923706055,49.130001068115234,48.25,48.400001525878906,5958300,-0.8196674537606752
2026-08-07 00:00:00-03:00,WEGE3.SA,48.119998931884766,48.400001525878906,47.65999984741211,48.119998931884766,6880500,-0.578517737947648
2026-08-10 00:00:00-03:00,WEGE3.SA,47.630001068115234,48.130001068115234,47.470001220703125,47.630001068115234,3125400,-1.0182831975186435
2026-08-11 00:00:00-03:00,WEGE3.SA,47.56999969482422,47.939998626708984,46.93000030517578,47.36000061035156,5572800,-0.5668705683578468
2026-08-12 00:00:00-03:00,WEGE3.SA,47.36000061035156,48.08000183105469,47.36000061035156,47.63999938964844,8033500,0.591213631098797
2026-08-13 00:00:00-03:00,WEGE3.SA,47.400001525878906,48.13999938964844,47.2400016784668,47.5,4982500,-0.2938694194837832
2026-08-14 00:00:00-03:00,WEGE3.SA,47.5,47.61000061035156,46.65999984741211,47.5,7327700,0.0
2026-08-17 00:00:00-03:00,WEGE3.SA,47.5,48.400001525878906,47.4900016784668,47.9900016784668,7151700,1.03158248098274
2026-08-18 00:00:00-03:00,WEGE3.SA,47.84000015258789,48.52000045776367,47.599998474121094,48.470001220703125,5889600,1.0002073878895068
2026-08-19 00:00:00-03:00,WEGE3.SA,48.650001525878906,48.970001220703125,48.20000076293945,48.5099983215332,5763600,0.08251928991698243
2026-08-20 00:00:00-03:00,WEGE3.SA,48.0,49.08000183105469,47.75,48.400001525878906,5478400,-0.22675077192380044
2026-08-21 00:00:00-03:00,WEGE3.SA,48.4900016784668,49.63999938964844,48.209999084472656,49.27000045776367,7851700,1.7975183976380427
2026-08-24 00:00:00-03:00,WEGE3.SA,48.90999984741211,49.66999816894531,48.63999938964844,49.06999969482422,7208200,-0.405928072013928
2026-08-25 00:00:00-03:00,WEGE3.SA,49.0099983215332,49.849998474121094,48.16999816894531,49.58000183105469,10726700,1.0393359270476354
2026-08-26 00:00:00-03:00,WEGE3.SA,49.779998779296875,50.52000045776367,49.630001068115234,50.41999816894531,6706500,1.6942240961445254
2026-08-27 00:00:00-03:00,WEGE3.SA,49.9900016784668,51.099998474121094,49.9900016784668,50.25,8768100,-0.3371641711998663
2026-08-28 00:00:00-03:00,WEGE3.SA,50.31999969482422,50.45000076293945,49.869998931884766,49.97999954223633,3841400,-0.5373143438083039
2026-08-31 00:00:00-03:00,WEGE3.SA,50.22999954223633,50.54999923706055,49.529998779296875,50.150001525878906,11278700,0.34014002640978536
2026-09-01 00:00:00-03:00,WEGE3.SA,50.310001373291016,50.540000915527344,49.54999923706055,49.70000076293945,7960100,-0.8973095697858313
2026-09-02 00:00:00-03:00,WEGE3.SA,50.0,51.0,49.630001068115234,50.84000015258789,9517600,2.293761312169873
2026-09-03 00:00:00-03:00,WEGE3.SA,51.220001220703125,52.38999938964844,50.970001220703125,52.060001373291016,10693400,2.3996876810414847
2026-09-04 00:00:00-03:00,WEGE3.SA,51.939998626708984,52.540000915527344,51.08000183105469,51.7400016784668,6753800,-0.6146747721531787
2026-03-04 00:00:00-03:00,ABEV3.SA,15.656405297676793,15.796016899173846,15.357238123626669,15.556683540344238,26249500,
2026-03-05 00:00:00-03:00,ABEV3.SA,15.446987793192612,15.516794066843344,15.217626903982735,15.247543334960938,26954000,-1.987185794334545
2026-03-06 00:00:00-03:00,ABEV3.SA,15.25751608331657,15.297404975715027,14.918460022416568,15.18770980834961,17914800,-0.39241420927222936
2026-03-09 00:00:00-03:00,ABEV3.SA,15.157793464128721,15.516794448809199,15.087988139785836,15.367210388183594,21901300,1.1818804948149797
2026-03-10 00:00:00-03:00,ABEV3.SA,15.38715480000163,15.67634949972761,15.347265908695501,15.407098770141602,20894000,0.2595681385912485
2026-03-11 00:00:00-03:00,ABEV3.SA,15.26748885321923,15.506822212454598,15.157793683633347,15.387155532836914,19594000,-0.1294418735299896
2026-03-12 00:00:00-03:00,ABEV3.SA,15.177738052541935,15.207654483599384,14.82870953644229,14.908487319946289,37546800,-3.110829755825395
2026-03-13 00:00:00-03:00,ABEV3.SA,14.82871008714028,15.187710126240564,14.82871008714028,14.958349227905273,25418200,0.334453166769455
2026-03-16 00:00:00-03:00,ABEV3.SA,15.157792888746743,15.27745956208901,15.05807113647461,15.05807113647461,28906400,0.6666638614326592
2026-03-17 00:00:00-03:00,ABEV3.SA,15.107931602294878,15.147820493581106,14.908487145863742,14.978293418884277,27499600,-0.5298003766039394
2026-03-18 00:00:00-03:00,ABEV3.SA,14.908487857486234,15.018183027029046,14.699070930480957,14.699070930480957,20403700,-1.8641809223157724
2026-03-19 00:00:00-03:00,ABEV3.SA,14.47968188408293,14.728987693786621,14.399903150033655,14.728987693786621,30848100,0.2035282600319155
2026-03-20 00:00:00-03:00,ABEV3.SA,14.649209449540036,14.709043264321014,14.290209413932827,14.429821014404297,65705300,-2.0311421640234473
2026-03-23 00:00:00-03:00,ABEV3.SA,14.639238135092706,14.788821247503373,14.489654071655803,14.619293212890625,23231600,1.3130599353740502
2026-03-24 00:00:00-03:00,ABEV3.SA,14.619292702862323,14.719015408341198,14.459737134917086,14.659181594848633,13573700,0.2728475404189634
2026-03-25 00:00:00-03:00,ABEV3.SA,14.84865511964234,15.078016019682503,14.748932410304558,14.968321800231934,25296600,2.1088503705550377
2026-03-26 00:00:00-03:00,ABEV3.SA,14.838682574785528,15.00821060908756,14.768877249258656,14.78882122039795,13324100,-1.199203105261959
2026-03-27 00:00:00-03:00,ABEV3.SA,14.748931552110056,14.958348468713087,14.699070200342442,14.719015121459961,17884700,-0.47201935771395975
2026-03-30 00:00:00-03:00,ABEV3.SA,14.808765299565367,14.878570621118529,14.689097675436836,14.798792839050293,18158200,0.5420044543198888
2026-03-31 00:00:00-03:00,ABEV3.SA,14.958349134101242,15.21762741400529,14.898515319113299,15.20765495300293,36180800,2.7628071992044756
2026-04-01 00:00:00-03:00,ABEV3.SA,15.227599188329217,15.437015153777983,15.13784894540764,15.31734848022461,23927000,0.72130468215299
2026-04-02 00:00:00-03:00,ABEV3.SA,15.107931627977115,15.367209897291438,15.058071227054212,15.237570762634277,25947900,-0.5208324253595742
2026-04-06 00:00:00-03:00,ABEV3.SA,15.257515665500165,15.516793934503095,15.257515665500165,15.407098770141602,14919000,1.1125658423391416
2026-04-07 00:00:00-03:00,ABEV3.SA,15.327321317748652,15.437015533447266,15.177738209884524,15.437015533447266,18339600,0.19417518996920347
2026-04-08 00:00:00-03:00,ABEV3.SA,15.915683592540441,15.985489868863274,15.606543957178197,15.815960884094238,34907800,2.4547837619643076
2026-04-09 00:00:00-03:00,ABEV3.SA,15.945600328281472,16.20487861435749,15.80598967502996,16.015405654907227,33451600,1.2610348006965921
2026-04-10 00:00:00-03:00,ABEV3.SA,16.254737763821304,16.29462760570126,15.995461399810992,16.075239181518555,23124300,0.3735998194525525
2026-04-13 00:00:00-03:00,ABEV3.SA,16.075239936759058,16.1450452612762,15.805989197576578,15.885766983032227,23073100,-1.178658658492382
2026-04-14 00:00:00-03:00,ABEV3.SA,15.925655430625701,15.975516782898373,15.786043834467456,15.845877647399902,22292800,-0.25110109996533403
2026-04-15 00:00:00-03:00,ABEV3.SA,15.796016581629223,15.89573833695709,15.696293875275147,15.786044120788574,24739300,-0.37759679799841406
2026-04-16 00:00:00-03:00,ABEV3.SA,15.35723814966282,15.53673864460246,15.2575163921612,15.387155532836914,49811600,-2.526843235072207
2026-04-17 00:00:00-03:00,ABEV3.SA,15.596572303100205,15.726211442472392,15.267488699703968,15.287432670593262,36665400,-0.6480915984168667
2026-04-20 00:00:00-03:00,ABEV3.SA,15.297404911030048,15.42704404853341,15.23757109717226,15.267488479614258,14954700,-0.13046134958532019
2026-04-22 00:00:00-03:00,ABEV3.SA,15.277460373772191,15.36721062130382,14.958349227905273,14.958349227905273,26157200,-2.0248205991559076
2026-04-23 00:00:00-03:00,ABEV3.SA,14.958349211730582,14.958349211730582,14.699070930480957,14.699070930480957,25435000,-1.7333349654694796
2026-04-24 00:00:00-03:00,ABEV3.SA,14.67912620075662,14.68909771026916,14.419847932906938,14.459736824035645,24151800,-1.6282260802552684
2026-04-27 00:00:00-03:00,ABEV3.SA,14.579403944371066,14.669154189918602,14.45973726731642,14.499626159667969,18935100,0.27586487996114073
2026-04-28 00:00:00-03:00,ABEV3.SA,14.369987459881088,14.589376850016455,14.360014998732607,14.539515495300293,15614300,0.27510595923694314
2026-04-29 00:00:00-03:00,ABEV3.SA,14.46970930234099,14.51957065406964,14.280236355977355,14.29020881652832,18123700,-1.714683538475248
2026-04-30 00:00:00-03:00,ABEV3.SA,14.320125340204386,14.599348531288692,14.320125340204386,14.469709396362305,26546800,1.2561088654377883
2026-05-04 00:00:00-03:00,ABEV3.SA,14.529542433920303,14.579403786576638,14.38993178771401,14.399903297424316,21318400,-0.48242916997032204
2026-05-05 00:00:00-03:00,ABEV3.SA,15.51679480798255,16.793240352659193,15.51679480798255,16.60376739501953,109952300,15.304714567002797
2026-05-06 00:00:00-03:00,ABEV3.SA,16.613739369515553,16.962767891137794,16.533961584749246,16.902935028076172,31822900,1.801805734440598
2026-05-07 00:00:00-03:00,ABEV3.SA,16.81318450937886,16.992684997700717,16.27468304441329,16.36443328857422,30952400,-3.1858475383564344
2026-05-08 00:00:00-03:00,ABEV3.SA,16.44421102581209,16.50404388773369,16.13507235348936,16.274682998657227,41784100,-0.5484472840233123
2026-05-11 00:00:00-03:00,ABEV3.SA,16.15501745158869,16.454183666522685,16.12510006927433,16.204877853393555,19740000,-0.4289186171517523
2026-05-12 00:00:00-03:00,ABEV3.SA,16.164988587136904,16.274683757484837,16.05529531884144,16.0852108001709,19751300,-0.7384631609401282
2026-05-13 00:00:00-03:00,ABEV3.SA,16.115127652183794,16.25473829925776,15.805988975640409,15.865821838378906,28456100,-1.3639172312846615
2026-05-14 00:00:00-03:00,ABEV3.SA,15.915683552187481,16.055295153452946,15.7062666258024,15.726211547851562,22570000,-0.8799436420597551
2026-05-15 00:00:00-03:00,ABEV3.SA,15.62648890547997,15.845878293813744,15.456960871452903,15.646432876586914,31009700,-0.5072974569997224
2026-05-18 00:00:00-03:00,ABEV3.SA,15.676349685550361,15.80598882158853,15.566654519888573,15.76609992980957,20757200,0.764820033847613
2026-05-19 00:00:00-03:00,ABEV3.SA,15.606543411667534,15.86582168374387,15.486876736330654,15.76609992980957,25814600,0.0
2026-05-20 00:00:00-03:00,ABEV3.SA,15.86582240255184,16.264711338413274,15.825933508965695,16.17496109008789,24281300,2.5932929646429015
2026-05-21 00:00:00-03:00,ABEV3.SA,16.0652679032211,16.504044783874175,16.035350519609644,16.354461669921875,20774700,1.1097435031480973
2026-05-22 00:00:00-03:00,ABEV3.SA,16.155016738123244,16.254737537328932,16.0453215765342,16.055294036865234,24010300,-1.829272275019922
2026-05-25 00:00:00-03:00,ABEV3.SA,16.155018152002974,16.364434131125694,16.1151283071877,16.354461669921875,14643100,1.8633581693970225
2026-05-26 00:00:00-03:00,ABEV3.SA,16.853072543310063,16.873017464801123,16.344488457602385,16.543933868408203,35881800,1.158535219993162
2026-05-27 00:00:00-03:00,ABEV3.SA,16.74337950479466,16.873017692128354,16.52398916954197,16.563879013061523,37022600,0.12055865800701948
2026-05-28 00:00:00-03:00,ABEV3.SA,16.553906826897247,16.603767230071703,16.20487829851866,16.244768142700195,24813300,-1.9265467352767573
2026-05-29 00:00:00-03:00,ABEV3.SA,16.244767518722618,16.414293643825093,15.97551678699683,16.274682998657227,86401700,0.18415071051951504
2026-06-01 00:00:00-03:00,ABEV3.SA,16.344488589922477,16.523989080690416,16.0951827754231,16.38437843322754,37464400,0.6740250152913241
2026-06-02 00:00:00-03:00,ABEV3.SA,16.44421151967574,16.583822169036488,16.374406194995366,16.40432357788086,15806800,0.12173269028548095
2026-06-03 00:00:00-03:00,ABEV3.SA,16.174960380186004,16.27468308528776,16.00543235212874,16.02537727355957,24645900,-2.310039194985458
2026-06-05 00:00:00-03:00,ABEV3.SA,15.9954628953515,16.21485134004654,15.905711693756235,16.12510108947754,22964600,0.6222868530059822
2026-06-08 00:00:00-03:00,ABEV3.SA,16.06526818369431,16.184933916124322,15.905711654726353,16.035350799560547,18008000,-0.5565874559109507
2026-06-09 00:00:00-03:00,ABEV3.SA,16.174960024583086,16.304600108980978,16.085209782169887,16.164987564086914,23741600,0.8084435828489722
2026-06-10 00:00:00-03:00,ABEV3.SA,16.08520961288327,16.23479461669922,16.08520961288327,16.23479461669922,23080500,0.43184105360769554
2026-06-11 00:00:00-03:00,ABEV3.SA,16.17496003809129,16.593793869018555,16.145044558630143,16.593793869018555,33555900,2.211295312292205
2026-06-12 00:00:00-03:00,ABEV3.SA,16.45418384543518,16.723434583034884,16.394350982208277,16.563879013061523,14291900,-0.180277374741189
2026-06-15 00:00:00-03:00,ABEV3.SA,16.723434131867123,16.773294532868995,16.514016263144033,16.523988723754883,19463100,-0.2408269782409378
2026-06-16 00:00:00-03:00,ABEV3.SA,16.434237991083492,16.51401577154303,16.304599811106364,16.394350051879883,13495700,-0.7845482954647154
2026-06-17 00:00:00-03:00,ABEV3.SA,16.314572348819556,16.66359895120318,16.06526654594421,16.145044326782227,32858800,-1.5206807486038088
2026-06-18 00:00:00-03:00,ABEV3.SA,16.08521084176251,16.294628721872563,16.0552953603557,16.17496109008789,41278300,0.1852999762660179
2026-06-19 00:00:00-03:00,ABEV3.SA,16.12509975376987,16.264710397733786,16.00543212890625,16.00543212890625,26925200,-1.0480950169674874
2026-06-22 00:00:00-03:00,ABEV3.SA,16.115128628075148,16.33451707277019,16.025378377506147,16.12510108947754,22020700,0.7476771611505839
2026-06-23 00:00:00-03:00,ABEV3.SA,16.049999237060547,16.43000030517578,16.049999237060547,16.3700008392334,27581700,1.5187486168112718
2026-06-24 00:00:00-03:00,ABEV3.SA,16.290000915527344,16.520000457763672,16.25,16.3799991607666,22826200,0.061077098476625125
2026-06-25 00:00:00-03:00,ABEV3.SA,16.399999618530273,16.489999771118164,16.229999542236328,16.389999389648438,18193000,0.061051461503058846
2026-06-26 00:00:00-03:00,ABEV3.SA,16.43000030517578,16.760000228881836,16.3799991607666,16.729999542236328,21690800,2.0744366397147385
2026-06-29 00:00:00-03:00,ABEV3.SA,16.790000915527344,16.850000381469727,16.520000457763672,16.59000015258789,17657800,-0.8368164583328119
2026-06-30 00:00:00-03:00,ABEV3.SA,16.459999084472656,16.5,16.239999771118164,16.290000915527344,22299700,-1.8083136485911977
2026-07-01 00:00:00-03:00,ABEV3.SA,16.1299991607666,16.389999389648438,16.09000015258789,16.200000762939453,17744600,-0.5524870934912274
2026-07-02 00:00:00-03:00,ABEV3.SA,16.3799991607666,16.479999542236328,16.219999313354492,16.299999237060547,17656700,0.6172745025411208
2026-07-03 00:00:00-03:00,ABEV3.SA,16.450000762939453,16.450000762939453,16.149999618530273,16.290000915527344,6915200,-0.06133939878028016
2026-07-06 00:00:00-03:00,ABEV3.SA,16.09000015258789,16.100000381469727,15.6899995803833,15.880000114440918,32014900,-2.5168862986104545
2026-07-07 00:00:00-03:00,ABEV3.SA,15.84000015258789,16.1200008392334,15.5600004196167,15.609999656677246,37381000,-1.7002547595584727
2026-07-08 00:00:00-03:00,ABEV3.SA,15.529999732971191,15.739999771118164,15.520000457763672,15.619999885559082,24227600,0.06406296669940748
2026-07-09 00:00:00-03:00,ABEV3.SA,15.729999542236328,15.789999961853027,15.640000343322754,15.720000267028809,23964000,0.640207312435237
2026-07-10 00:00:00-03:00,ABEV3.SA,15.949999809265137,15.989999771118164,15.720000267028809,15.819999694824219,34757600,0.6361286647376785
2026-07-13 00:00:00-03:00,ABEV3.SA,15.8100004196167,16.030000686645508,15.699999809265137,15.829999923706055,31167700,0.06321257316526108
2026-07-14 00:00:00-03:00,ABEV3.SA,15.9399995803833,16.0,15.779999732971191,15.8100004196167,17907700,-0.12633925575328275
2026-07-15 00:00:00-03:00,ABEV3.SA,15.59000015258789,15.729999542236328,15.350000381469727,15.569999694824219,31466500,-1.518031109567164
2026-07-16 00:00:00-03:00,ABEV3.SA,15.489999771118164,15.710000038146973,15.460000038146973,15.600000381469727,20772600,0.1926826411915883
2026-07-17 00:00:00-03:00,ABEV3.SA,15.59000015258789,15.75,15.510000228881836,15.630000114440918,16137900,0.19230597588206777
2026-07-20 00:00:00-03:00,ABEV3.SA,15.649999618530273,15.829999923706055,15.579999923706055,15.789999961853027,24319600,1.023671441078755
2026-07-21 00:00:00-03:00,ABEV3.SA,15.739999771118164,15.899999618530273,15.739999771118164,15.800000190734863,19628700,0.06333267198224135
2026-07-22 00:00:00-03:00,ABEV3.SA,15.850000381469727,16.139999389648438,15.739999771118164,16.1299991607666,28818200,2.0886010509370223
2026-07-23 00:00:00-03:00,ABEV3.SA,16.040000915527344,16.110000610351562,15.84000015258789,15.920000076293945,18873800,-1.3019162764957959
2026-07-24 00:00:00-03:00,ABEV3.SA,15.789999961853027,15.899999618530273,15.609999656677246,15.640000343322754,15224800,-1.7587922841038939
2026-07-27 00:00:00-03:00,ABEV3.SA,15.739999771118164,15.890000343322754,15.5600004196167,15.859999656677246,30052500,1.4066451951736614
2026-07-28 00:00:00-03:00,ABEV3.SA,16.200000762939453,16.3700008392334,16.010000228881836,16.100000381469727,37458000,1.5132454602004852
2026-07-29 00:00:00-03:00,ABEV3.SA,16.049999237060547,16.229999542236328,15.899999618530273,15.899999618530273,37839300,-1.2422407341657227
2026-07-30 00:00:00-03:00,ABEV3.SA,15.220000267028809,15.960000038146973,15.119999885559082,15.960000038146973,70813600,0.3773611387183573
2026-07-31 00:00:00-03:00,ABEV3.SA,16.100000381469727,16.100000381469727,15.850000381469727,15.989999771118164,38243300,0.1879682512499148
2026-08-03 00:00:00-03:00,ABEV3.SA,16.06999969482422,16.1200008392334,15.729999542236328,15.770000457763672,34419100,-1.375855637921053
2026-08-04 00:00:00-03:00,ABEV3.SA,16.0,16.010000228881836,15.579999923706055,15.869999885559082,28395700,0.6341117621602832
2026-08-05 00:00:00-03:00,ABEV3.SA,15.960000038146973,15.960000038146973,15.779999732971191,15.84000015258789,35610400,-0.18903423558616073
2026-08-06 00:00:00-03:00,ABEV3.SA,15.75,15.779999732971191,15.5600004196167,15.65999984741211,27603100,-1.1363655520317262
2026-08-07 00:00:00-03:00,ABEV3.SA,15.649999618530273,15.680000305175781,15.449999809265137,15.479999542236328,23662500,-1.1494272473158929
2026-08-10 00:00:00-03:00,ABEV3.SA,15.399999618530273,15.479999542236328,15.25,15.270000457763672,20681500,-1.356583273143419
2026-08-11 00:00:00-03:00,ABEV3.SA,15.210000038146973,15.300000190734863,14.930000305175781,15.010000228881836,33997000,-1.702686451130031
2026-08-12 00:00:00-03:00,ABEV3.SA,15.0,15.069999694824219,14.8100004196167,14.850000381469727,26999400,-1.0659549964845527
2026-08-13 00:00:00-03:00,ABEV3.SA,14.789999961853027,15.0600004196167,14.789999961853027,14.920000076293945,21998800,0.47137840421584976
2026-08-14 00:00:00-03:00,ABEV3.SA,14.850000381469727,14.979999542236328,14.640000343322754,14.75,33534300,-1.1394106931946646
2026-08-17 00:00:00-03:00,ABEV3.SA,14.739999771118164,14.880000114440918,14.59000015258789,14.670000076293945,34531700,-0.5423723641088452
2026-08-18 00:00:00-03:00,ABEV3.SA,14.65999984741211,14.869999885559082,14.630000114440918,14.729999542236328,19528000,0.40899431240861706
2026-08-19 00:00:00-03:00,ABEV3.SA,14.859999656677246,15.09000015258789,14.680000305175781,14.779999732971191,23868700,0.33944461838912865
2026-08-20 00:00:00-03:00,ABEV3.SA,14.649999618530273,14.930000305175781,14.600000381469727,14.899999618530273,41094500,0.8119072241346892
2026-08-21 00:00:00-03:00,ABEV3.SA,14.960000038146973,15.039999961853027,14.869999885559082,15.0,19912500,0.6711435169794333
2026-08-24 00:00:00-03:00,ABEV3.SA,15.0,15.369999885559082,14.949999809265137,15.25,34068000,1.6666666666666607
2026-08-25 00:00:00-03:00,ABEV3.SA,15.300000190734863,15.3100004196167,15.010000228881836,15.3100004196167,17428900,0.39344537453573913
2026-08-26 00:00:00-03:00,ABEV3.SA,15.260000228881836,15.4399995803833,15.180000305175781,15.239999771118164,12976600,-0.45722172815124695
2026-08-27 00:00:00-03:00,ABEV3.SA,15.15999984741211,15.1899995803833,14.979999542236328,15.119999885559082,23629700,-0.7874008357040663
2026-08-28 00:00:00-03:00,ABEV3.SA,15.15999984741211,15.199999809265137,15.0,15.1899995803833,16656800,0.4629609481086927
2026-08-31 00:00:00-03:00,ABEV3.SA,15.300000190734863,15.3100004196167,15.029999732971191,15.029999732971191,50670600,-1.053323580197707
2026-09-01 00:00:00-03:00,ABEV3.SA,15.180000305175781,15.399999618530273,15.029999732971191,15.170000076293945,49321300,0.9314726933469908
2026-09-02 00:00:00-03:00,ABEV3.SA,15.3100004196167,15.680000305175781,15.170000076293945,15.600000381469727,45834800,2.83454385638231
2026-09-03 00:00:00-03:00,ABEV3.SA,15.819999694824219,15.869999885559082,15.640000343322754,15.760000228881836,33952600,1.0256400224333495
2026-09-04 00:00:00-03:00,ABEV3.SA,15.760000228881836,15.880000114440918,15.619999885559082,15.739999771118164,27638900,-0.12690645604825912
2026-03-04 00:00:00-03:00,MGLU3.SA,9.163823414536418,9.461028687209016,9.035034431551976,9.441214561462402,17524500,
2026-03-05 00:00:00-03:00,MGLU3.SA,9.371867496632623,9.500656486291655,9.04494196318645,9.074662208557129,20521200,-3.88247031691753
2026-03-06 00:00:00-03:00,MGLU3.SA,9.064754875316916,9.39168039903067,9.015221449436892,9.243078231811523,18677300,1.8558930281237673
2026-03-09 00:00:00-03:00,MGLU3.SA,9.134103464118251,9.43130874633789,9.064754966566955,9.43130874633789,16425800,2.036448354169962
2026-03-10 00:00:00-03:00,MGLU3.SA,9.55019041756653,10.253575824132389,9.510563110638433,10.0455322265625,21417000,6.512600708391703
2026-03-11 00:00:00-03:00,MGLU3.SA,9.90683627758116,10.21394861789357,9.867208970262416,9.946463584899902,13112300,-0.9861960464437991
2026-03-12 00:00:00-03:00,MGLU3.SA,9.817674484362673,9.896929098067334,9.243078062609122,9.31242561340332,14948600,-6.3745065377722625
2026-03-13 00:00:00-03:00,MGLU3.SA,9.411494225879903,10.233761540557827,9.06475458701063,9.252985000610352,37702000,-0.6382935580974358
2026-03-16 00:00:00-03:00,MGLU3.SA,9.58981802260913,9.92665061436368,9.480842216577038,9.748327255249023,22733300,5.35332386906493
2026-03-17 00:00:00-03:00,MGLU3.SA,9.787954434484694,9.837488805229597,8.955780029296875,8.955780029296875,22442400,-8.130084323188868
2026-03-18 00:00:00-03:00,MGLU3.SA,8.995407248937,9.124196233698045,8.767550468444824,8.767550468444824,23534100,-2.101766236288727
2026-03-19 00:00:00-03:00,MGLU3.SA,8.628853934458961,8.817083397094507,8.361368916999025,8.688295364379883,23104500,-0.90395948503732
2026-03-20 00:00:00-03:00,MGLU3.SA,8.688295698940884,8.698201816984595,8.192953894753773,8.262301445007324,28291600,-4.903078239248638
2026-03-23 00:00:00-03:00,MGLU3.SA,8.509972307360751,8.797270514656061,8.50006524457379,8.678388595581055,20111900,5.035971555179231
2026-03-24 00:00:00-03:00,MGLU3.SA,8.599134142134012,8.727923126381356,8.430717850794371,8.609040260314941,19212700,-0.7990923027049623
2026-03-25 00:00:00-03:00,MGLU3.SA,8.817083661599568,9.084568687083829,8.737829049187084,8.807177543640137,17871200,2.3015025755954266
2026-03-26 00:00:00-03:00,MGLU3.SA,8.648667337991213,8.817083624863415,8.361369132995605,8.361369132995605,15274300,-5.061876048660552
2026-03-27 00:00:00-03:00,MGLU3.SA,8.331648761126296,8.371276066556085,8.00472325513317,8.014630317687988,22237700,-4.146914336544693
2026-03-30 00:00:00-03:00,MGLU3.SA,8.232581258083144,8.242487376195186,7.846214308027925,7.925468921661377,17213200,-1.1124829529546187
2026-03-31 00:00:00-03:00,MGLU3.SA,8.17313945436348,8.757642911963062,8.17313945436348,8.688295364379883,27630300,9.625000744543932
2026-04-01 00:00:00-03:00,MGLU3.SA,8.727923454407165,8.935967060658106,8.63876177390111,8.757643699645996,19365500,0.7981811432243191
2026-04-02 00:00:00-03:00,MGLU3.SA,8.509972595973107,8.797270813012021,8.371276546620356,8.668481826782227,14359700,-1.0181034525002852
2026-04-06 00:00:00-03:00,MGLU3.SA,8.718016027304696,8.916152561945582,8.579319980661314,8.737829208374023,13342900,0.7999945431914179
2026-04-07 00:00:00-03:00,MGLU3.SA,8.658574825194803,8.856711365114338,8.500065593259176,8.698202133178711,12038500,-0.45351167035098117
2026-04-08 00:00:00-03:00,MGLU3.SA,9.252985106021297,9.431308458875774,8.866618156433105,8.866618156433105,18316300,1.936216481012587
2026-04-09 00:00:00-03:00,MGLU3.SA,8.94587305010038,9.163823716548555,8.866618434080962,9.144009590148926,14711600,3.1284919325702765
2026-04-10 00:00:00-03:00,MGLU3.SA,9.262891960254375,9.38177387788291,8.945872568455448,9.064754486083984,13301800,-0.8667434486324788
2026-04-13 00:00:00-03:00,MGLU3.SA,8.86661808814299,9.282705278405746,8.836897844492654,9.12419605255127,14389900,0.6557438103650615
2026-04-14 00:00:00-03:00,MGLU3.SA,9.21335749577338,9.3817737801908,9.074661454256242,9.163823127746582,13395600,0.4343075813702191
2026-04-15 00:00:00-03:00,MGLU3.SA,9.144009620917062,9.332240043188708,9.094476194330415,9.302519798278809,12868500,1.5135240892229396
2026-04-16 00:00:00-03:00,MGLU3.SA,9.352052592501028,9.352052592501028,9.094475579382756,9.163823127746582,12966700,-1.4909580795290367
2026-04-17 00:00:00-03:00,MGLU3.SA,9.2926128371148,9.669072741003538,9.124196539459588,9.203451156616211,18950900,0.4324399141843127
2026-04-20 00:00:00-03:00,MGLU3.SA,9.18363715928972,9.322332254604035,9.035034056723626,9.26289176940918,14635000,0.6458513418657885
2026-04-22 00:00:00-03:00,MGLU3.SA,9.193543673473298,9.233170980242125,8.866618156433105,8.866618156433105,12795800,-4.278076683188425
2026-04-23 00:00:00-03:00,MGLU3.SA,8.896338713675389,8.935966966629591,8.54960000343208,8.569413185119629,12084000,-3.3519541054989666
2026-04-24 00:00:00-03:00,MGLU3.SA,8.62885415489012,8.678388523624706,8.450530805361414,8.648667335510254,9917800,0.924849212875456
2026-04-27 00:00:00-03:00,MGLU3.SA,8.6899995803833,8.770000457763672,8.470000267028809,8.529999732971191,8331300,-1.3720911897238675
2026-04-28 00:00:00-03:00,MGLU3.SA,8.5,8.609999656677246,8.399999618530273,8.539999961853027,10183500,0.11723598118276168
2026-04-29 00:00:00-03:00,MGLU3.SA,8.529999732971191,8.579999923706055,8.079999923706055,8.079999923706055,14208700,-5.386417332572924
2026-04-30 00:00:00-03:00,MGLU3.SA,8.289999961853027,8.350000381469727,8.079999923706055,8.229999542236328,17525600,1.8564309399333956
2026-05-04 00:00:00-03:00,MGLU3.SA,8.25,8.34000015258789,7.989999771118164,8.0,14398300,-2.794648299261393
2026-05-05 00:00:00-03:00,MGLU3.SA,8.050000190734863,8.170000076293945,8.0,8.0,15252400,0.0
2026-05-06 00:00:00-03:00,MGLU3.SA,8.220000267028809,8.319999694824219,8.020000457763672,8.029999732971191,11485200,0.3749966621398926
2026-05-07 00:00:00-03:00,MGLU3.SA,8.050000190734863,8.170000076293945,7.900000095367432,7.940000057220459,15526800,-1.120793010505261
2026-05-08 00:00:00-03:00,MGLU3.SA,7.599999904632568,7.849999904632568,7.150000095367432,7.150000095367432,35215100,-9.949621614103377
2026-05-11 00:00:00-03:00,MGLU3.SA,7.119999885559082,7.210000038146973,6.900000095367432,6.929999828338623,18515700,-3.076926770551369
2026-05-12 00:00:00-03:00,MGLU3.SA,6.929999828338623,7.199999809265137,6.800000190734863,7.159999847412109,17784300,3.3189036763457747
2026-05-13 00:00:00-03:00,MGLU3.SA,7.119999885559082,7.400000095367432,6.960000038146973,6.960000038146973,22615000,-2.793293485019055
2026-05-14 00:00:00-03:00,MGLU3.SA,7.090000152587891,7.130000114440918,6.829999923706055,6.909999847412109,20866400,-0.7183935411037012
2026-05-15 00:00:00-03:00,MGLU3.SA,6.820000171661377,6.840000152587891,6.599999904632568,6.789999961853027,17594900,-1.7366119856576212
2026-05-18 00:00:00-03:00,MGLU3.SA,6.829999923706055,6.989999771118164,6.610000133514404,6.610000133514404,18028200,-2.6509547768760244
2026-05-19 00:00:00-03:00,MGLU3.SA,6.510000228881836,6.670000076293945,6.340000152587891,6.489999771118164,18272100,-1.8154366107771658
2026-05-20 00:00:00-03:00,MGLU3.SA,6.53000020980835,6.800000190734863,6.489999771118164,6.730000019073486,21093700,3.698000869327811
2026-05-21 00:00:00-03:00,MGLU3.SA,6.659999847412109,6.789999961853027,6.46999979019165,6.769999980926514,17378400,0.5943530719117796
2026-05-22 00:00:00-03:00,MGLU3.SA,6.699999809265137,6.880000114440918,6.610000133514404,6.630000114440918,13376800,-2.0679448579028814
2026-05-25 00:00:00-03:00,MGLU3.SA,6.739999771118164,6.829999923706055,6.670000076293945,6.769999980926514,10045800,2.1116118260791517
2026-05-26 00:00:00-03:00,MGLU3.SA,6.769999980926514,6.78000020980835,6.550000190734863,6.650000095367432,10894700,-1.7725241639167555
2026-05-27 00:00:00-03:00,MGLU3.SA,6.739999771118164,6.829999923706055,6.590000152587891,6.599999904632568,13503200,-0.7518825566588339
2026-05-28 00:00:00-03:00,MGLU3.SA,6.650000095367432,6.710000038146973,6.349999904632568,6.349999904632568,17829300,-3.787878842612158
2026-05-29 00:00:00-03:00,MGLU3.SA,6.380000114440918,6.429999828338623,5.980000019073486,5.980000019073486,19948000,-5.826769938833431
2026-06-01 00:00:00-03:00,MGLU3.SA,5.980000019073486,6.070000171661377,5.760000228881836,5.820000171661377,19869200,-2.6755827241100705
2026-06-02 00:00:00-03:00,MGLU3.SA,5.849999904632568,5.929999828338623,5.679999828338623,5.679999828338623,18461700,-2.4055041098527963
2026-06-03 00:00:00-03:00,MGLU3.SA,5.550000190734863,5.550000190734863,5.320000171661377,5.340000152587891,23074300,-5.985909965250491
2026-06-05 00:00:00-03:00,MGLU3.SA,5.440000057220459,5.670000076293945,5.289999961853027,5.440000057220459,27759100,1.8726573366127264
2026-06-08 00:00:00-03:00,MGLU3.SA,5.449999809265137,5.539999961853027,5.340000152587891,5.340000152587891,17634500,-1.8382335217044576
2026-06-09 00:00:00-03:00,MGLU3.SA,5.46999979019165,5.659999847412109,5.460000038146973,5.489999771118164,24632800,2.8089815401518337
2026-06-10 00:00:00-03:00,MGLU3.SA,5.460000038146973,5.46999979019165,5.119999885559082,5.119999885559082,23198500,-6.739524608098901
2026-06-11 00:00:00-03:00,MGLU3.SA,5.159999847412109,5.380000114440918,5.099999904632568,5.329999923706055,28878200,4.101563336735148
2026-06-12 00:00:00-03:00,MGLU3.SA,5.230000019073486,5.440000057220459,5.190000057220459,5.21999979019165,16254200,-2.0637924031698507
2026-06-15 00:00:00-03:00,MGLU3.SA,5.400000095367432,5.46999979019165,5.260000228881836,5.349999904632568,18145200,2.4904237483914793
2026-06-16 00:00:00-03:00,MGLU3.SA,5.289999961853027,5.300000190734863,4.989999771118164,5.0,25995600,-6.542054408814158
2026-06-17 00:00:00-03:00,MGLU3.SA,5.03000020980835,5.119999885559082,4.739999771118164,4.739999771118164,28655600,-5.200004577636719
2026-06-18 00:00:00-03:00,MGLU3.SA,4.78000020980835,4.800000190734863,4.46999979019165,4.5,30716200,-5.063286555002266
2026-06-19 00:00:00-03:00,MGLU3.SA,4.480000019073486,4.650000095367432,4.46999979019165,4.619999885559082,21086800,2.6666641235351562
2026-06-22 00:00:00-03:00,MGLU3.SA,4.630000114440918,4.840000152587891,4.559999942779541,4.659999847412109,21375500,0.8658000615553441
2026-06-23 00:00:00-03:00,MGLU3.SA,4.610000133514404,4.639999866485596,4.420000076293945,4.420000076293945,24418400,-5.150209849286713
2026-06-24 00:00:00-03:00,MGLU3.SA,4.380000114440918,4.480000019073486,4.300000190734863,4.360000133514404,21608000,-1.3574647453366007
2026-06-25 00:00:00-03:00,MGLU3.SA,4.409999847412109,4.510000228881836,4.03000020980835,4.420000076293945,52346600,1.376145434453857
2026-06-26 00:00:00-03:00,MGLU3.SA,4.389999866485596,4.570000171661377,4.329999923706055,4.440000057220459,25874600,0.45248824844552615
2026-06-29 00:00:00-03:00,MGLU3.SA,4.409999847412109,4.710000038146973,4.409999847412109,4.639999866485596,18574500,4.504500150622537
2026-06-30 00:00:00-03:00,MGLU3.SA,4.590000152587891,4.739999771118164,4.460000038146973,4.679999828338623,18658400,0.8620681681899223
2026-07-01 00:00:00-03:00,MGLU3.SA,4.590000152587891,4.690000057220459,4.429999828338623,4.429999828338623,22221800,-5.341880537819355
2026-07-02 00:00:00-03:00,MGLU3.SA,4.489999771118164,4.590000152587891,4.269999980926514,4.269999980926514,27151900,-3.6117348445161013
2026-07-03 00:00:00-03:00,MGLU3.SA,4.329999923706055,4.449999809265137,4.239999771118164,4.449999809265137,17028600,4.215452673130127
2026-07-06 00:00:00-03:00,MGLU3.SA,4.369999885559082,4.460000038146973,4.329999923706055,4.349999904632568,12493700,-2.247188964466096
2026-07-07 00:00:00-03:00,MGLU3.SA,4.369999885559082,4.46999979019165,4.329999923706055,4.420000076293945,18384300,1.6091993838167618
2026-07-08 00:00:00-03:00,MGLU3.SA,4.380000114440918,4.510000228881836,4.289999961853027,4.510000228881836,17353000,2.0362025120903127
2026-07-09 00:00:00-03:00,MGLU3.SA,4.510000228881836,4.869999885559082,4.510000228881836,4.860000133514404,27558600,7.76052964235312
2026-07-10 00:00:00-03:00,MGLU3.SA,5.119999885559082,5.300000190734863,5.079999923706055,5.21999979019165,33644300,7.407400139656373
2026-07-13 00:00:00-03:00,MGLU3.SA,5.199999809265137,5.269999980926514,5.039999961853027,5.059999942779541,23814700,-3.0651312996745395
2026-07-14 00:00:00-03:00,MGLU3.SA,5.110000133514404,5.190000057220459,4.889999866485596,5.050000190734863,19650300,-0.19762356043001583
2026-07-15 00:00:00-03:00,MGLU3.SA,5.050000190734863,5.130000114440918,4.78000020980835,5.03000020980835,22240600,-0.3960392113094846
2026-07-16 00:00:00-03:00,MGLU3.SA,4.989999771118164,5.059999942779541,4.889999866485596,4.920000076293945,14067000,-2.186881290778231
2026-07-17 00:00:00-03:00,MGLU3.SA,4.920000076293945,5.03000020980835,4.900000095367432,4.920000076293945,17597900,0.0
2026-07-20 00:00:00-03:00,MGLU3.SA,4.920000076293945,4.980000019073486,4.820000171661377,4.860000133514404,12211600,-1.2195110131936526
2026-07-21 00:00:00-03:00,MGLU3.SA,4.869999885559082,4.960000038146973,4.78000020980835,4.820000171661377,14370100,-0.8230444599618192
2026-07-22 00:00:00-03:00,MGLU3.SA,4.820000171661377,4.980000019073486,4.739999771118164,4.909999847412109,19305400,1.8672131233495648
2026-07-23 00:00:00-03:00,MGLU3.SA,4.880000114440918,4.889999866485596,4.679999828338623,4.710000038146973,16771800,-4.073315997566674
2026-07-24 00:00:00-03:00,MGLU3.SA,4.679999828338623,4.739999771118164,4.559999942779541,4.650000095367432,15888900,-1.2738841251293542
2026-07-27 00:00:00-03:00,MGLU3.SA,4.730000019073486,4.860000133514404,4.71999979019165,4.829999923706055,14777800,3.8709639709028743
2026-07-28 00:00:00-03:00,MGLU3.SA,4.989999771118164,5.039999961853027,4.829999923706055,4.829999923706055,15982700,0.0
2026-07-29 00:00:00-03:00,MGLU3.SA,4.800000190734863,4.869999885559082,4.710000038146973,4.760000228881836,14347200,-1.4492690668721164
2026-07-30 00:00:00-03:00,MGLU3.SA,4.809999942779541,5.019999980926514,4.789999961853027,5.019999980926514,16683500,5.462179402158429
2026-07-31 00:00:00-03:00,MGLU3.SA,4.949999809265137,5.110000133514404,4.880000114440918,5.03000020980835,11796200,0.1992077474070042
2026-08-03 00:00:00-03:00,MGLU3.SA,5.090000152587891,5.199999809265137,5.019999980926514,5.159999847412109,17342500,2.584485729250363
2026-08-04 00:00:00-03:00,MGLU3.SA,5.269999980926514,5.269999980926514,4.920000076293945,4.920000076293945,21388800,-4.651158492543972
2026-08-05 00:00:00-03:00,MGLU3.SA,4.940000057220459,5.019999980926514,4.78000020980835,4.789999961853027,19168400,-2.642278707825596
2026-08-06 00:00:00-03:00,MGLU3.SA,4.789999961853027,4.840000152587891,4.570000171661377,4.570000171661377,17887800,-4.5928975353591195
2026-08-07 00:00:00-03:00,MGLU3.SA,4.489999771118164,4.510000228881836,4.159999847412109,4.400000095367432,32564400,-3.719914002369573
2026-08-10 00:00:00-03:00,MGLU3.SA,4.400000095367432,4.650000095367432,4.320000171661377,4.320000171661377,24329500,-1.8181800448205276
2026-08-11 00:00:00-03:00,MGLU3.SA,4.320000171661377,4.460000038146973,4.230000019073486,4.260000228881836,20936000,-1.3888875091517927
2026-08-12 00:00:00-03:00,MGLU3.SA,4.289999961853027,4.320000171661377,4.199999809265137,4.239999771118164,16877300,-0.4694942884761688
2026-08-13 00:00:00-03:00,MGLU3.SA,4.25,4.260000228881836,3.9800000190734863,3.9800000190734863,23618300,-6.132069954713959
2026-08-14 00:00:00-03:00,MGLU3.SA,3.9700000286102295,4.010000228881836,3.759999990463257,3.9100000858306885,26559900,-1.7587922841038939
2026-08-17 00:00:00-03:00,MGLU3.SA,3.9100000858306885,4.25,3.9000000953674316,4.230000019073486,29857700,8.184141335506222
2026-08-18 00:00:00-03:00,MGLU3.SA,4.170000076293945,4.300000190734863,4.050000190734863,4.28000020980835,30713600,1.1820376006952182
2026-08-19 00:00:00-03:00,MGLU3.SA,4.349999904632568,4.429999828338623,4.050000190734863,4.050000190734863,26075900,-5.373831957914444
2026-08-20 00:00:00-03:00,MGLU3.SA,4.03000020980835,4.050000190734863,3.759999990463257,3.880000114440918,37102900,-4.197532550315741
2026-08-21 00:00:00-03:00,MGLU3.SA,3.950000047683716,4.210000038146973,3.950000047683716,4.159999847412109,34903700,7.21648775032413
2026-08-24 00:00:00-03:00,MGLU3.SA,4.119999885559082,4.309999942779541,4.039999961853027,4.159999847412109,19693300,0.0
2026-08-25 00:00:00-03:00,MGLU3.SA,4.159999847412109,4.590000152587891,4.079999923706055,4.539999961853027,30162500,9.134618470654798
2026-08-26 00:00:00-03:00,MGLU3.SA,4.510000228881836,4.75,4.5,4.710000038146973,19080700,3.744495104016665
2026-08-27 00:00:00-03:00,MGLU3.SA,4.650000095367432,4.860000133514404,4.650000095367432,4.840000152587891,17263100,2.760087333079153
2026-08-28 00:00:00-03:00,MGLU3.SA,4.849999904632568,4.900000095367432,4.5,4.619999885559082,23096000,-4.545459919276595
2026-08-31 00:00:00-03:00,MGLU3.SA,4.679999828338623,4.900000095367432,4.650000095367432,4.809999942779541,25643500,4.112555452963318
2026-09-01 00:00:00-03:00,MGLU3.SA,4.849999904632568,4.989999771118164,4.599999904632568,4.619999885559082,28276800,-3.950105186709507
2026-09-02 00:00:00-03:00,MGLU3.SA,4.75,5.75,4.670000076293945,5.400000095367432,65931300,16.883121842630942
2026-09-03 00:00:00-03:00,MGLU3.SA,5.710000038146973,5.880000114440918,5.5,5.559999942779541,41714000,2.9629600849335302
2026-09-04 00:00:00-03:00,MGLU3.SA,5.519999980926514,5.869999885559082,5.480000019073486,5.789999961853027,31939100,4.1366910331028794
